source_channel_vendor,lead_mql_date,cnt_cases
,2025-04-22,1482
Owned-Direct,2025-04-22,17
Drift,2024-06-20,3
Drift,2025-04-22,31
Internet Retailer,2025-04-22,5
Internet Retailer,2024-07-19,1
,2024-07-19,18
Fortune,2025-04-22,1
,2024-05-07,43
,2024-11-10,7
,2024-04-30,31
,2024-08-20,40
,2024-06-07,18
,2024-09-24,37
,2024-05-28,35
,2024-10-04,10
,2024-07-17,22
,2024-04-25,36
,2024-08-27,37
,2024-10-18,23
,2024-09-05,28
,2024-06-14,24
,2024-11-20,30
,2024-10-22,38
,2024-07-09,35
,2024-05-16,28
,2024-11-14,21
,2024-08-07,34
,2024-12-18,23
,2024-08-15,18
,2024-07-23,33
,2024-10-15,29
,2025-01-10,12
,2025-05-08,19
,2024-07-24,31
,2025-01-13,23
,2024-06-12,21
,2024-10-07,22
,2024-04-09,23
,2024-12-12,17
,2024-04-18,24
,2025-04-29,16
,2024-06-20,33
,2024-04-11,22
,2024-04-14,14
,2024-04-16,22
,2024-04-24,31
,2024-04-28,9
,2024-04-29,28
,2024-05-03,20
,2024-05-06,33
,2024-05-10,19
,2024-05-14,44
,2024-05-15,29
,2024-05-19,9
,2024-05-20,23
,2024-05-21,39
,2024-05-22,30
,2024-05-23,21
,2024-05-27,17
,2024-05-26,7
,2024-05-29,27
,2024-05-31,26
,2024-06-02,6
,2024-06-04,31
,2024-06-05,21
,2024-06-11,31
,2024-06-10,19
,2024-06-13,24
,2024-06-19,25
,2024-06-17,29
,2024-06-21,14
,2024-06-24,34
,2024-06-25,36
,2024-06-26,37
,2024-07-05,14
,2024-07-08,36
,2024-07-15,19
,2024-07-25,25
,2024-07-30,32
,2024-08-05,29
,2024-08-06,30
,2024-08-13,23
,2024-08-21,38
,2024-08-22,33
,2024-09-06,11
,2024-08-26,22
,2024-09-10,28
,2024-08-29,19
,2024-09-01,8
,2024-09-02,16
,2024-09-03,22
,2024-09-11,32
,2024-09-17,24
,2024-09-18,31
,2024-09-30,14
,2024-10-14,26
,2024-10-20,5
,2024-10-23,24
,2024-10-29,21
,2024-10-28,18
,2024-10-30,30
,2024-10-31,21
,2024-11-13,20
,2024-11-18,24
,2024-11-23,6
,2024-11-27,17
,2024-12-08,5
,2024-12-10,21
,2024-12-27,3
Adwords,2025-01-08,3
,2025-01-08,22
,2025-01-22,10
,2025-04-17,30
,2025-03-19,22
,2025-03-25,22
Qualified.com,2024-12-04,5
Facebook,2025-04-22,17
impact.com,2025-04-22,19
impact,2025-04-22,4
eMarketer,2025-04-22,1
BigCommerce,2025-04-22,2
Branch,2025-04-22,1
DigitalCommerce360,2025-04-22,5
SimplyDirect,2025-04-22,9
impact.com,2024-07-29,5
Affiliate Huddle,2024-05-14,2
impact,2024-07-23,4
impact,2024-05-30,3
impact,2024-07-16,10
impact,2024-06-24,4
impact,2024-04-09,3
impact,2024-05-16,2
impact,2024-06-12,2
impact,2024-06-18,1
impact,2024-07-22,2
impact,2024-07-17,2
impact,2024-04-25,1
impact.com,2024-07-17,7
impact.com,2024-11-06,6
DigitalCommerce360,2024-12-16,26
DigitalCommerce360,2024-06-24,18
DigitalCommerce360,2024-08-19,25
DigitalCommerce360,2024-07-05,6
DigitalCommerce360,2024-08-06,1
DigitalCommerce360,2024-07-11,2
DigitalCommerce360,2024-08-13,2
DigitalCommerce360,2024-10-22,1
DigitalCommerce360,2024-11-06,2
DigitalCommerce360,2025-01-23,2
DigitalCommerce360,2025-01-24,1
Martech Symposium,2024-09-17,1
Masterclassing,2024-11-26,7
impact.com,2024-05-08,18
impact.com,2024-05-09,1
PI Live Europe,2024-12-13,1
impact.com,2024-04-10,7
impact.com,2024-10-14,3
impact,2024-04-10,1
eTail Asia,2024-05-28,3
Inside Retail Asia,2025-02-03,1
Cube Asia,2025-06-24,1
Marketing Dive,2025-04-22,5
Marketing Dive,2024-10-29,19
Marketing Dive,2024-07-16,1
Marketing Dive,2024-08-14,1
Marketing Dive,2024-10-08,1
Marketing Dive,2024-09-26,1
Marketing Dive,2024-10-16,47
Marketing Dive,2024-10-15,1
Marketing Dive,2024-10-22,1
impact.com,2024-11-03,1
impact.com,2024-10-18,5
iMedia,2024-05-13,1
impact.com,2024-09-05,3
impact,2024-07-12,11
Evocative Growth Summit - Brisbane,2025-04-16,1
impact.com,2025-03-18,2
impact.com,2024-10-27,1
Adwords,2025-01-27,4
impact,2025-04-03,9
impact,2025-03-12,1
Netcomm Forum,2025-04-29,1
impact.com,2025-06-09,67
PI Live,2025-05-01,3
impact.com,2025-05-15,1
impact.com,2025-02-04,14
impact.com,2024-10-16,1
impact.com,2025-02-13,2
impact.com,2025-02-18,1
impact.com,2025-05-14,7
impact,2025-02-07,10
impact,2024-05-08,1
eMarketer,2025-02-07,23
impact,2024-08-16,1
impact,2024-10-03,1
impact,2024-12-16,1
eMarketer,2024-12-09,1
eMarketer,2025-02-06,27
eMarketer,2025-03-15,2
eMarketer,2025-03-14,1
eTail,2025-03-04,1
iMedia,2025-05-15,3
impact.com,2025-05-05,8
impact.com,2025-05-09,1
impact.com,2025-03-13,3
Affiliate Summit Wes,2025-04-22,2
Affiliate Summit,2025-04-22,3
Affiliate Summit,2025-02-14,7
Affiliate Summit,2025-02-12,7
impact,2024-11-12,1
,2024-11-12,18
,2024-11-04,21
,2025-05-11,5
,2025-05-12,19
Linkedin,2025-04-16,25
,2024-04-27,8
,2024-08-02,21
Facebook,2024-09-04,6
Facebook,2024-10-15,36
,2024-10-25,7
,2024-11-01,10
,2024-11-11,21
,2024-11-25,22
,2025-01-04,9
,2025-03-12,18
,2025-06-01,9
,2025-06-10,20
,2025-06-20,23
,2025-06-26,29
Linkedin,2025-06-13,11
Linkedin,2025-05-23,12
Linkedin,2025-05-31,13
Linkedin,2025-06-04,6
Linkedin,2025-06-12,14
Linkedin,2025-06-25,13
Linkedin,2025-06-19,16
Linkedin,2025-06-20,15
Linkedin,2025-06-23,9
Linkedin,2025-06-24,12
Linkedin,2024-05-01,22
Linkedin,2024-04-05,121
Linkedin,2024-04-04,21
Linkedin,2024-04-09,62
Linkedin,2024-04-15,59
Linkedin,2024-04-24,37
Linkedin,2024-05-07,107
Linkedin,2024-05-06,26
Linkedin,2024-10-26,17
Linkedin,2025-03-13,232
Linkedin,2024-11-08,31
Jack Appleby,2025-04-22,1
AdWeek,2024-04-24,1
Linkedin,2025-04-22,21
,2024-05-04,10
Linkedin,2024-06-02,15
Linkedin,2024-07-12,38
Linkedin,2024-07-17,59
Linkedin,2024-07-19,44
Linkedin,2024-11-07,52
Linkedin,2024-09-05,56
Jack Appleby,2024-09-25,1
Linkedin,2024-11-02,10
Linkedin,2024-11-05,34
Linkedin,2024-12-27,9
Linkedin,2024-11-26,14
Linkedin,2024-12-08,18
Linkedin,2025-01-18,21
Linkedin,2024-12-13,24
Linkedin,2025-01-06,106
Linkedin,2024-12-24,7
Linkedin,2024-12-28,5
Linkedin,2024-12-29,7
Linkedin,2025-01-02,19
Linkedin,2025-01-13,91
Linkedin,2025-01-15,41
Linkedin,2025-01-19,18
Linkedin,2025-04-26,7
Linkedin,2025-04-21,14
Linkedin,2025-04-23,8
,2024-04-04,29
PharosIQ,2024-09-05,54
Retail Brew,2025-04-22,1
Smartbrief,2025-04-22,1
DTC,2024-08-18,5
Go To Millions,2024-08-27,1
Morning Brew,2024-09-05,64
Linkedin,2024-08-02,65
Facebook,2024-07-11,8
Linkedin,2024-08-08,32
Linkedin,2024-08-15,54
Facebook,2024-11-07,10
Facebook,2025-01-08,16
Linkedin,2024-10-19,12
Linkedin,2024-05-29,21
Linkedin,2024-06-14,150
Linkedin,2024-06-09,10
Linkedin,2024-09-01,10
Linkedin,2024-07-29,44
Linkedin,2024-08-23,16
Linkedin,2024-10-04,26
Linkedin,2024-09-15,14
Linkedin,2024-10-15,264
Linkedin,2024-11-14,60
Linkedin,2024-12-03,66
Linkedin,2025-01-30,39
Linkedin,2025-01-31,30
Linkedin,2025-02-06,33
Linkedinadsfq,2024-08-15,2
,2024-04-03,20
,2024-05-01,29
Linkedin,2024-11-03,16
Facebook,2024-11-21,27
,2025-04-24,13
,2024-04-12,26
Linkedin,2025-04-03,99
mkto,2025-04-22,7
Owned-Direct,2024-08-15,1
Linkedin,2024-04-11,34
Inside Retail Australia,2025-02-20,1
,2025-02-20,18
,2024-05-09,25
Facebook,2024-04-18,9
Facebook,2024-06-28,6
Primer,2024-04-19,1
,2024-06-27,26
,2024-07-11,18
Linkedin,2024-05-09,55
Linkedin,2024-05-13,29
Facebook,2024-05-09,5
Facebook,2024-05-16,8
Linkedin,2024-05-23,17
Facebook,2024-05-30,3
,2024-05-30,24
Linkedin,2024-06-13,24
Facebook,2024-07-04,7
Facebook,2024-06-20,3
Linkedin,2024-07-04,13
Linkedin,2024-07-25,28
Marketing Brew,2024-08-08,4
Linkedin,2024-08-17,13
Linkedin,2024-08-29,53
DigitalCommerce360,2025-02-19,1
,2024-06-06,24
Primer,2025-01-30,2
Primer,2024-05-16,1
Primer,2024-08-08,1
Primer,2024-07-11,1
Primer,2024-04-16,1
Primer,2024-04-18,3
Primer,2024-07-05,1
,2024-05-02,28
,2024-08-01,25
Facebook,2024-04-11,2
Linkedin,2024-04-29,26
impact.com,2024-05-02,1
impact.com,2024-05-16,2
Linkedin,2024-05-16,52
Facebook,2024-05-23,10
Facebook,2024-05-28,4
Linkedin,2024-06-20,25
Facebook,2024-06-27,10
,2024-07-18,26
Linkedin,2024-07-23,19
Facebook,2024-08-01,10
impact.com,2024-08-08,2
,2024-08-08,31
Facebook,2024-08-15,11
DigitalCommerce360,2024-09-05,1
Facebook,2024-09-12,14
,2024-09-22,8
PharosIQ,2024-09-26,1
impact.com,2024-10-10,2
,2024-09-20,19
Facebook,2024-10-24,3
Marketing Dive,2024-11-16,1
Linkedin,2024-10-31,28
Linkedin,2024-11-21,85
Facebook,2024-11-29,4
Facebook,2024-12-05,12
Facebook,2024-12-12,14
,2025-01-03,13
Facebook,2025-01-30,12
,2025-02-06,24
Linkedin,2025-01-16,63
Facebook,2025-02-13,8
DigitalCommerce360,2025-01-27,93
Facebook,2025-03-07,6
,2025-03-13,19
Facebook,2025-03-13,7
impact.com,2025-04-24,1
PharosIQ,2025-03-20,1
Linkedin,2025-04-10,14
,2025-05-29,28
PharosIQ,2025-04-24,1
Linkedin,2025-06-05,15
impact.com,2025-06-26,1
Primer,2024-07-08,1
Primer,2024-04-04,1
,2024-10-17,25
Facebook,2024-04-25,3
,2025-05-01,13
impact.com,2024-06-06,2
Linkedin,2024-07-05,11
impact.com,2024-07-11,1
Linkedin,2024-07-11,12
DigitalCommerce360,2024-08-08,1
Linkedin,2024-08-22,38
Linkedin,2024-09-12,83
Linkedin,2024-09-26,32
,2024-09-26,28
Linkedin,2024-10-10,21
impact.com,2024-11-14,1
Facebook,2024-10-31,4
Marketing Dive,2024-11-14,2
Growth Hacks,2024-11-20,1
Linkedin,2024-11-28,5
Linkedin,2025-01-03,12
,2025-02-05,28
Facebook,2025-01-23,9
Facebook,2025-02-06,9
impact,2025-02-04,1
Facebook,2025-04-14,1
Facebook,2025-04-10,5
PharosIQ,2025-04-10,1
,2025-04-15,25
Facebook,2025-04-20,1
Linkedin,2025-04-18,13
Linkedin,2025-05-22,12
Linkedin,2025-05-08,16
impact.com,2025-06-12,1
Linkedin,2024-08-01,28
Primer,2024-04-11,1
Primer,2024-04-12,1
Facebook,2024-05-21,2
Linkedin,2024-04-18,67
Morning Brew,2024-04-25,1
Facebook,2024-04-19,2
mkto,2025-01-21,8
Linkedin,2025-02-21,1
Fortune,2025-02-13,1
Marketing Dive,2024-04-18,1
eMarketer,2025-02-13,1
Facebook,2025-02-27,11
Morning Brew,2024-05-13,1
Facebook,2024-07-18,5
Facebook,2024-06-24,3
Facebook,2024-08-09,4
Facebook,2024-07-01,4
Facebook,2024-08-08,3
Facebook,2024-08-14,5
Facebook,2024-07-05,3
Facebook,2024-07-02,6
Facebook,2024-09-17,15
Facebook,2024-08-11,2
Facebook,2024-08-19,2
Facebook,2024-08-29,10
Facebook,2024-09-07,5
Facebook,2024-09-14,6
Facebook,2024-09-29,9
Facebook,2024-11-09,9
Facebook,2025-01-28,10
Facebook,2024-12-29,4
Facebook,2025-04-02,9
Facebook,2024-10-03,7
Facebook,2024-05-07,8
Facebook,2024-11-26,9
Facebook,2024-04-07,3
Facebook,2024-04-22,1
Facebook,2024-04-15,31
Facebook,2024-04-04,2
Facebook,2024-05-14,3
Facebook,2024-06-07,1
Facebook,2024-05-27,4
Facebook,2024-05-29,1
Facebook,2024-06-08,4
Facebook,2024-06-04,3
Facebook,2024-07-03,2
Facebook,2024-06-26,4
Facebook,2024-07-29,9
Facebook,2024-06-30,4
Facebook,2024-07-21,2
Facebook,2024-07-14,5
Facebook,2024-08-02,11
Facebook,2024-08-17,2
Facebook,2024-08-07,8
Facebook,2024-08-20,11
Facebook,2024-08-22,8
Facebook,2024-09-06,7
Facebook,2024-09-23,8
Facebook,2024-12-01,7
Facebook,2024-09-26,6
Facebook,2025-02-02,8
Facebook,2024-11-10,3
Facebook,2025-01-09,11
Facebook,2024-11-20,4
Facebook,2024-12-14,6
Facebook,2024-11-27,9
Facebook,2024-12-03,14
Facebook,2024-12-10,18
Facebook,2025-02-09,6
Facebook,2025-01-06,17
Facebook,2025-01-16,14
Facebook,2024-12-30,1
Facebook,2025-01-10,7
Facebook,2025-03-26,5
Facebook,2025-02-22,5
Facebook,2025-02-08,6
Facebook,2025-02-26,8
Facebook,2025-03-04,8
Facebook,2025-05-24,1
Power Retail AU,2025-03-06,1
Facebook,2024-04-12,4
Linkedin,2024-05-02,24
Linkedin,2024-06-06,23
Linkedin,2024-06-27,18
Linkedin,2024-07-03,18
Facebook,2024-08-05,3
,2024-07-27,8
The Marketing Millennials,2024-08-19,27
,2024-08-23,29
Linkedin,2024-09-14,21
Facebook,2024-09-05,8
Morning Brew,2024-09-06,1
Linkedin,2024-09-06,20
Linkedin,2024-10-03,34
Facebook,2024-10-10,8
Facebook,2024-10-02,5
Linkedin,2024-10-17,49
Linkedin,2024-11-09,14
Facebook,2024-11-23,4
Facebook,2024-12-02,4
Linkedin,2024-12-04,34
,2024-12-20,16
Adwords,2024-11-14,8
,2025-02-23,5
Marketing Brew,2025-03-12,1
impact,2024-05-09,1
impact.com,2024-05-30,1
Facebook,2024-06-06,5
impact.com,2024-06-13,1
,2024-04-05,19
,2024-06-28,21
,2024-04-17,22
Linkedin,2024-07-18,23
,2024-07-28,5
Linkedin,2024-05-27,38
,2024-06-15,8
Facebook,2024-09-09,4
Linkedin,2024-09-19,25
,2024-08-19,24
Marketing Dive,2024-10-24,1
Facebook,2024-08-25,3
Facebook,2024-11-14,14
Drift,2024-11-07,1
,2024-09-12,24
Morning Brew,2024-11-28,1
Jack Appleby,2024-11-19,1
Linkedin,2024-12-12,37
Linkedin,2024-09-23,23
Facebook,2024-12-20,4
Facebook,2024-11-01,1
Marketing Dive,2025-01-12,1
Marketing Dive,2024-11-07,1
Facebook,2025-01-02,6
Linkedin,2024-10-14,15
Linkedin,2025-01-17,25
Linkedin,2025-01-23,38
Linkedin,2025-01-09,44
impact,2024-11-16,1
Facebook,2025-01-26,13
,2025-01-30,20
impact.com,2025-02-06,1
Facebook,2025-03-06,6
Linkedin,2025-02-20,5
Facebook,2025-03-27,6
Facebook,2025-04-03,9
Facebook,2025-04-11,1
impact,2025-05-08,1
Facebook,2025-04-21,2
Facebook,2025-05-08,1
Linkedin,2025-05-15,8
Linkedin,2025-05-19,16
Facebook,2025-05-22,1
Facebook,2025-05-30,3
Linkedin,2025-05-29,11
,2025-01-21,16
Linkedin,2024-09-04,45
Linkedin,2024-08-27,63
Linkedin,2024-08-12,57
Linkedin,2024-08-26,27
Linkedin,2024-06-05,21
Linkedin,2024-06-08,11
Linkedin,2024-07-01,21
Linkedin,2024-11-06,100
Linkedin,2024-04-17,24
Linkedin,2024-10-23,26
Linkedin,2024-04-12,24
Linkedin,2024-04-03,34
Linkedin,2024-05-20,64
Linkedin,2024-05-14,81
Linkedin,2024-04-19,24
Linkedin,2024-05-25,7
Linkedin,2024-05-05,19
Linkedin,2025-05-05,16
Linkedin,2024-04-22,66
Linkedin,2024-04-13,13
Linkedin,2024-04-01,33
Linkedin,2024-04-02,16
Linkedin,2024-05-08,28
Linkedin,2024-04-06,10
Linkedin,2024-04-07,13
Linkedin,2024-04-08,22
Linkedin,2024-04-10,31
Linkedin,2024-04-16,20
Linkedin,2024-04-20,17
Linkedin,2024-04-21,13
Linkedin,2024-04-23,20
Linkedin,2024-04-30,70
Linkedin,2024-04-25,21
Linkedin,2024-04-27,14
Linkedin,2024-04-28,15
Linkedin,2024-05-03,16
Linkedin,2024-05-10,20
Linkedin,2024-05-12,7
Linkedin,2024-05-15,22
Linkedin,2024-05-19,11
Linkedin,2024-05-17,24
Linkedin,2024-05-18,11
Linkedin,2024-05-21,33
Linkedin,2024-05-22,23
Linkedin,2024-05-24,15
Linkedin,2024-05-28,21
Linkedin,2024-05-30,17
Linkedin,2024-05-31,11
Linkedin,2024-06-01,7
Linkedin,2024-06-03,23
Linkedin,2024-06-04,23
Linkedin,2024-06-07,16
Linkedin,2024-06-10,12
Linkedin,2024-06-11,21
Linkedin,2024-06-12,23
Linkedin,2024-06-19,57
Linkedin,2024-10-21,23
Linkedin,2024-06-17,21
Linkedin,2024-06-18,22
Linkedin,2024-06-25,59
Linkedin,2024-06-21,24
Linkedin,2024-06-24,16
Linkedin,2024-07-09,116
Linkedin,2024-07-08,27
Linkedin,2024-07-14,13
Linkedin,2024-11-12,12
Linkedin,2024-06-26,23
Linkedin,2024-06-28,15
Linkedin,2024-06-29,13
Linkedin,2024-07-02,14
Linkedin,2024-08-30,15
Linkedin,2024-07-13,6
Linkedin,2024-07-15,17
Linkedin,2024-07-16,28
Linkedin,2024-07-21,5
Linkedin,2024-07-22,43
Linkedin,2024-07-20,12
Linkedin,2024-07-24,25
Linkedin,2024-07-26,37
Linkedin,2024-07-27,13
Linkedin,2024-08-09,17
Linkedin,2024-07-28,15
Linkedin,2024-08-25,15
Linkedin,2024-07-30,28
Linkedin,2024-07-31,32
Linkedin,2024-08-07,86
Linkedin,2024-08-03,9
Linkedin,2024-08-04,16
Linkedin,2024-09-21,13
Linkedin,2024-08-06,24
Linkedin,2024-08-10,21
Linkedin,2024-09-16,19
Linkedin,2024-08-11,9
Linkedin,2024-08-13,25
Linkedin,2024-08-14,27
Linkedin,2024-08-20,63
Linkedin,2024-08-16,19
Linkedin,2024-08-19,17
Linkedin,2024-09-03,43
Linkedin,2024-08-21,22
Linkedin,2024-08-24,18
Linkedin,2024-09-02,14
Linkedin,2024-11-04,20
Linkedin,2024-09-17,36
Linkedin,2024-09-08,10
Linkedin,2024-09-09,21
Linkedin,2024-09-10,29
Linkedin,2024-09-11,23
Linkedin,2024-09-13,26
Linkedin,2024-09-18,35
Linkedin,2024-09-20,20
Linkedin,2024-09-22,15
Linkedin,2025-02-02,21
Linkedin,2024-10-12,9
Linkedin,2024-09-24,20
Linkedin,2024-09-27,12
Linkedin,2024-09-28,13
Linkedin,2024-09-29,8
Linkedin,2024-10-06,14
Linkedin,2024-10-01,21
Linkedin,2024-10-02,26
Linkedin,2024-10-05,9
Linkedin,2024-10-07,12
Linkedin,2024-10-09,39
Linkedin,2024-10-11,15
Linkedin,2024-10-13,20
Linkedin,2025-01-28,20
Linkedin,2024-10-16,28
Linkedin,2024-10-22,57
Linkedin,2024-10-20,17
Linkedin,2024-10-25,41
Linkedin,2024-10-24,28
Linkedin,2024-10-27,12
Linkedin,2024-10-29,15
Linkedin,2024-10-30,19
Linkedin,2024-11-01,17
Linkedin,2024-11-11,71
Linkedin,2024-11-10,20
Linkedin,2024-12-09,26
Linkedin,2024-11-13,39
Linkedin,2024-11-15,14
Linkedin,2024-11-17,8
Linkedin,2024-11-18,24
Linkedin,2024-11-20,20
Linkedin,2024-11-27,50
Linkedin,2024-11-22,10
Linkedin,2024-11-24,9
Linkedin,2024-11-30,10
Linkedin,2024-11-25,27
Linkedin,2024-12-10,80
Linkedin,2024-11-29,11
Linkedin,2024-12-02,21
Linkedin,2024-12-05,31
Linkedin,2024-12-06,23
Linkedin,2024-12-07,16
Linkedin,2024-12-11,39
Linkedin,2025-03-17,120
Linkedin,2024-12-14,9
Linkedin,2024-12-19,82
Linkedin,2024-12-16,19
Linkedin,2024-12-17,21
Linkedin,2024-12-18,31
Linkedin,2024-12-20,24
Linkedin,2024-12-23,4
Linkedin,2024-12-30,11
Linkedin,2024-12-31,18
Linkedin,2025-01-01,7
Linkedin,2025-01-08,49
Linkedin,2025-01-07,27
Linkedin,2025-05-02,9
Linkedin,2025-01-10,23
Linkedin,2025-03-14,18
Linkedin,2025-01-11,19
Linkedin,2025-01-12,11
Linkedin,2025-01-20,13
Linkedin,2025-01-22,51
Linkedin,2025-01-24,34
Linkedin,2025-01-25,19
Linkedin,2025-01-26,17
Linkedin,2025-01-27,30
Linkedin,2025-01-29,28
Linkedin,2025-04-08,12
Linkedin,2025-02-01,19
Linkedin,2025-02-03,22
Linkedin,2025-02-04,27
Linkedin,2025-02-05,29
Linkedin,2025-03-27,79
Linkedin,2025-03-03,1
Linkedin,2025-03-12,9
Linkedin,2025-03-15,10
Linkedin,2025-03-16,4
Linkedin,2025-04-01,109
Linkedin,2025-03-19,31
Linkedin,2025-03-20,30
Linkedin,2025-06-07,12
Linkedin,2025-04-28,15
Linkedin,2025-04-17,17
Linkedin,2025-03-21,6
Linkedin,2025-03-22,7
Linkedin,2025-03-23,8
Linkedin,2025-03-24,11
Linkedin,2025-03-26,22
Linkedin,2025-03-28,96
Linkedin,2025-03-30,5
Linkedin,2025-03-31,12
Linkedin,2025-04-20,6
Linkedin,2025-04-02,108
Linkedin,2025-04-04,6
Linkedin,2025-04-05,12
Linkedin,2025-04-07,19
Linkedin,2025-04-11,17
Linkedin,2025-04-12,11
Linkedin,2025-04-13,7
Linkedin,2025-04-14,15
Linkedin,2025-04-15,16
Linkedin,2025-04-19,3
Linkedin,2025-04-24,15
Linkedin,2025-04-29,22
Linkedin,2025-04-30,12
Linkedin,2025-05-01,15
Linkedin,2025-05-06,9
Linkedin,2025-05-07,16
Linkedin,2025-05-21,8
Linkedin,2025-05-09,12
Linkedin,2025-06-02,5
Linkedin,2025-05-10,7
Linkedin,2025-05-13,14
Linkedin,2025-05-14,12
Linkedin,2025-05-16,7
Linkedin,2025-05-17,6
Linkedin,2025-05-18,9
Linkedin,2025-05-20,7
Linkedin,2025-05-26,3
Linkedin,2025-05-28,9
Linkedin,2025-05-30,6
Linkedin,2025-06-01,8
Linkedin,2025-06-03,10
Linkedin,2025-06-06,3
Linkedin,2025-06-08,6
Linkedin,2025-06-09,8
Linkedin,2025-06-11,12
Linkedin,2025-06-15,7
Linkedin,2025-06-17,10
Linkedin,2025-06-18,7
Linkedin,2025-06-26,6
Stacked Marketer,2025-04-22,1
Linkedin,2024-04-14,13
Spear,2025-04-22,2
Facebook,2024-12-13,5
Facebook,2024-05-20,7
impact,2025-03-01,1
Facebook,2025-03-10,9
Facebook,2024-04-06,2
Facebook,2024-04-24,2
Facebook,2024-04-14,3
Facebook,2025-03-18,5
Facebook,2024-06-23,6
Facebook,2024-06-10,3
Facebook,2024-04-16,3
Facebook,2024-06-16,3
,2024-04-02,29
,2024-04-07,12
Facebook,2024-04-20,2
Facebook,2024-06-15,2
Facebook,2024-04-23,3
Facebook,2024-06-11,2
Facebook,2024-05-25,3
Facebook,2024-04-30,5
Facebook,2024-05-17,2
Facebook,2024-05-04,3
Facebook,2024-05-05,3
Facebook,2024-05-10,3
Facebook,2024-05-06,1
Facebook,2024-05-08,5
Facebook,2024-05-11,4
Facebook,2024-05-24,2
Facebook,2024-04-09,4
Facebook,2024-05-15,2
Facebook,2024-06-03,2
Facebook,2024-05-18,3
Facebook,2024-06-14,12
Facebook,2024-05-31,3
Facebook,2024-08-04,2
Facebook,2024-07-07,4
Facebook,2024-06-19,4
Facebook,2024-07-06,1
Facebook,2024-06-12,3
Facebook,2024-06-13,4
Facebook,2024-06-25,7
Facebook,2024-07-09,11
,2024-06-29,9
Facebook,2024-07-12,6
Facebook,2024-07-17,5
Facebook,2024-08-13,3
Facebook,2024-10-01,2
Facebook,2024-10-11,3
Facebook,2024-07-22,5
Facebook,2024-07-26,5
Facebook,2024-07-25,1
Facebook,2024-07-27,5
Facebook,2024-07-31,3
Facebook,2024-08-06,2
Facebook,2024-08-12,9
Facebook,2024-11-04,12
Facebook,2024-08-26,2
Facebook,2024-08-27,9
Facebook,2024-09-25,8
Facebook,2024-09-02,2
Facebook,2024-09-03,8
Facebook,2024-08-31,2
Facebook,2024-09-21,11
,2024-09-04,23
Facebook,2024-11-25,10
Facebook,2024-11-17,9
Facebook,2024-09-10,9
Facebook,2024-09-11,4
Facebook,2024-09-13,9
Facebook,2024-11-12,7
Facebook,2024-09-15,4
Facebook,2024-09-16,5
Facebook,2024-09-19,6
Facebook,2024-09-20,4
Facebook,2024-09-22,4
Facebook,2024-10-07,4
Facebook,2024-10-12,5
Facebook,2024-10-06,4
Facebook,2024-10-08,4
Facebook,2024-10-13,3
Facebook,2024-10-14,4
Facebook,2024-11-06,15
Facebook,2024-11-05,8
Facebook,2024-11-15,5
Facebook,2024-11-11,20
Facebook,2025-02-01,9
Facebook,2024-11-08,10
Facebook,2024-12-09,6
Facebook,2024-11-30,4
Facebook,2024-11-24,4
Facebook,2024-11-13,10
Facebook,2024-11-16,5
Facebook,2025-01-03,2
Facebook,2024-11-18,10
Facebook,2024-11-22,6
Facebook,2025-02-17,6
Facebook,2025-01-07,7
Facebook,2025-01-01,2
Facebook,2024-12-19,19
Facebook,2024-12-07,4
Facebook,2025-02-23,5
Facebook,2024-12-11,6
Facebook,2025-02-28,9
Facebook,2024-12-15,6
Facebook,2024-12-17,3
Facebook,2025-01-17,4
Facebook,2025-02-12,6
Facebook,2025-03-29,5
Facebook,2025-03-08,6
Facebook,2025-01-11,6
Facebook,2025-01-13,12
Facebook,2025-01-31,7
Facebook,2025-01-14,8
Facebook,2025-01-12,6
Facebook,2025-01-15,7
Facebook,2025-04-04,1
Facebook,2025-01-18,1
Facebook,2025-01-20,7
Facebook,2025-01-25,11
Facebook,2025-02-24,8
Facebook,2025-03-24,4
,2025-01-28,15
Facebook,2025-03-17,9
Facebook,2025-03-14,3
Facebook,2025-02-18,4
Facebook,2025-02-05,7
Facebook,2025-02-03,10
Facebook,2025-02-20,9
Facebook,2025-02-04,8
Facebook,2025-02-07,8
Facebook,2025-02-15,6
Facebook,2025-03-11,3
Facebook,2025-02-16,13
Facebook,2025-02-19,9
Facebook,2025-02-21,4
Facebook,2025-03-12,4
Facebook,2025-03-20,10
Facebook,2025-03-05,9
Facebook,2025-03-01,7
Facebook,2025-03-03,5
Facebook,2025-03-09,6
Facebook,2025-03-15,6
Facebook,2025-03-16,5
Facebook,2025-03-19,4
Facebook,2025-03-22,4
Facebook,2025-03-31,5
Facebook,2025-04-01,4
,2025-04-16,30
,2025-04-28,19
,2025-05-07,18
Facebook,2025-05-27,1
,2025-06-18,18
,2024-04-13,5
,2024-04-15,24
,2024-06-09,10
,2024-07-04,6
,2024-07-12,16
,2024-07-13,6
,2024-07-22,31
Sales Sourced,2024-05-02,1
,2025-03-20,21
,2024-05-12,8
,2024-12-26,8
,2024-11-29,9
,2024-11-21,27
,2024-12-16,26
,2025-01-02,19
,2025-01-09,15
Marketing Brew,2025-01-22,2
SmartBrief,2025-01-22,1
,2025-03-31,26
,2025-04-10,22
Drift,2024-04-02,1
Adwords,2024-05-24,1
Adwords,2024-08-26,3
,2025-03-02,8
,2025-03-11,18
,2025-04-19,6
,2025-03-10,20
Linkedin,2024-05-04,20
MY Omnia,2024-05-06,1
eMarketer,2024-04-08,1
,2025-01-16,13
Linkedin,2024-10-08,6
Linkedin,2024-04-26,13
Linkedin,2025-06-14,6
Linkedin,2024-05-11,8
Linkedin,2024-06-16,10
Linkedin,2024-07-06,13
Linkedin,2024-07-10,12
Linkedin,2024-08-18,8
The Marketing Millennials,2024-08-22,8
Linkedin,2024-08-31,12
Linkedin,2024-09-07,14
Linkedin,2024-09-25,25
Linkedin,2024-09-30,20
Linkedin,2024-10-18,19
Linkedin,2024-11-16,8
Linkedin,2024-11-19,13
Linkedin,2024-11-23,13
Linkedin,2024-12-15,11
Linkedin,2024-12-21,13
Linkedin,2024-12-22,12
,2025-02-14,17
Linkedin,2025-03-25,14
Linkedin,2025-04-09,10
Linkedin,2025-05-11,5
,2025-06-02,26
Linkedin,2025-06-10,12
,2024-07-26,20
,2024-08-03,7
,2024-08-28,35
,2024-09-08,12
,2024-11-28,8
,2024-12-04,23
Qualified.com,2025-04-04,9
Adwords,2024-06-08,1
,2024-08-24,9
Adwords,2024-11-01,3
,2025-01-14,12
,2024-05-05,14
Adwords,2024-11-19,4
,2024-11-05,14
Linkedin,2024-08-28,18
Linkedin,2024-05-26,8
Linkedin,2024-06-15,9
Linkedin,2024-06-22,14
Linkedin,2024-06-23,8
Linkedin,2024-06-30,8
Linkedin,2024-07-07,7
Linkedin,2024-08-05,16
Linkedin,2024-12-26,14
Linkedin,2025-01-05,5
Linkedin,2025-01-14,4
Linkedin,2025-01-21,2
Linkedin,2025-02-11,2
Linkedin,2025-03-18,69
Linkedin,2025-04-25,8
Linkedin,2025-04-27,5
Linkedin,2025-05-03,5
Linkedin,2025-05-04,6
Linkedin,2025-05-12,4
Linkedin,2025-06-21,8
Linkedin,2025-05-24,7
Linkedin,2025-05-27,10
Linkedin,2025-06-16,1
Linkedinads,2025-04-22,1
,2024-11-06,21
Owned-Direct,2025-01-21,2
Direct to Consumer Newsletter,2025-04-22,1
Linkedin,2024-10-28,13
Linkedin,2025-01-04,4
Linkedin,2025-06-22,3
Sales Sourced,2025-01-21,2
DigitalCommerce360,2024-09-03,1
impact,2025-02-21,1
,2025-02-12,23
,2025-01-29,17
,2024-04-01,26
,2025-02-17,13
,2025-05-16,15
,2024-05-08,31
,2024-10-09,21
,2024-12-06,15
,2025-02-03,19
,2025-03-17,20
,2025-05-05,22
,2025-06-09,24
,2025-06-23,17
Go-to-Millions,2025-04-22,1
,2024-08-25,7
Adwords,2024-08-31,3
InternetRetailer,2024-04-30,1
Marketing Brew,2024-07-24,15
Marketing Brew,2024-07-23,28
,2024-04-26,22
Marketing Brew,2024-04-23,1
Marketing Brew,2024-05-13,1
Marketing Brew,2024-05-19,1
Marketing Brew,2024-07-31,28
,2024-07-03,16
Marketing Brew,2025-04-22,4
Marketing Brew,2024-07-29,33
Marketing Brew,2024-07-22,4
Marketing Brew,2024-08-13,4
Marketing Brew,2024-07-26,1
Marketing Brew,2024-07-25,1
,2024-07-29,24
Marketing Brew,2024-07-30,28
Marketing Brew,2024-08-15,1
Marketing Brew,2024-11-18,1
,2024-07-31,25
Marketing Brew,2024-08-01,2
Marketing Brew,2024-08-02,1
Marketing Brew,2024-08-03,1
Marketing Brew,2024-08-05,11
Marketing Brew,2024-08-06,3
Marketing Brew,2024-08-07,9
Marketing Brew,2024-08-12,11
,2024-08-14,30
Marketing Brew,2024-08-18,1
,2024-08-30,24
,2024-09-14,13
,2024-09-15,4
Morning Brew,2024-09-30,1
,2024-10-03,30
,2024-10-11,18
Adwords,2024-10-15,2
Linkedin,2024-12-25,3
SmartBrief,2025-01-21,1
Linkedin,2025-02-08,1
Linkedin,2025-02-14,1
,2025-02-21,10
Linkedin,2025-02-25,1
Linkedin,2025-02-27,1
Linkedin,2025-03-29,3
Linkedin,2025-04-06,2
,2025-05-03,4
Linkedin,2025-05-25,4
Facebook,2024-07-24,3
Stacked Marketer,2024-12-04,4
Facebook,2024-07-08,1
Facebook,2025-03-23,6
Facebook,2024-05-01,2
Facebook,2024-04-17,2
Facebook,2024-05-26,3
Facebook,2024-04-05,2
Facebook,2024-04-08,1
Facebook,2024-04-10,1
Facebook,2024-06-17,3
Facebook,2024-04-27,1
Facebook,2024-05-02,3
Facebook,2024-05-13,4
Facebook,2024-12-08,1
Facebook,2024-05-12,1
Facebook,2024-06-01,1
Facebook,2024-06-02,2
Growth Hacks,2024-12-16,4
Facebook,2024-06-18,2
Facebook,2025-01-22,6
Facebook,2024-06-05,2
Facebook,2024-08-28,3
Facebook,2024-06-22,1
,2024-07-01,24
Facebook,2024-07-23,4
Facebook,2024-09-24,6
Facebook,2024-07-13,2
,2024-07-20,7
Facebook,2024-09-30,4
Facebook,2024-07-28,3
Facebook,2024-08-03,4
Facebook,2024-08-18,1
,2024-08-11,7
Facebook,2024-08-16,1
Facebook,2024-08-21,1
Facebook,2024-08-24,4
Facebook,2024-08-23,3
Facebook,2024-09-28,6
Facebook,2024-09-27,3
Facebook,2024-08-30,1
Facebook,2024-09-01,1
Facebook,2024-09-08,1
Industry Dive,2024-09-10,1
Facebook,2024-07-30,1
Facebook,2024-09-18,2
,2024-09-19,23
Stacked Marketer,2024-10-02,5
Facebook,2024-10-04,5
Facebook,2024-10-05,4
Facebook,2024-12-24,2
Industry Dive,2024-10-08,1
Facebook,2024-10-16,2
Marketing Examined,2024-10-10,1
Marketing Examined,2024-10-11,1
Facebook,2024-10-17,4
Facebook,2025-01-21,2
Stacked Marketer,2024-10-15,3
Marketing Examined,2024-10-15,1
Growth Hacks,2024-10-20,2
Facebook,2024-10-20,2
Marketing Examined,2024-10-20,1
Stacked Marketer,2024-10-20,1
Growth Hacks,2024-10-21,3
Growth Hacks,2024-10-23,1
,2024-10-24,23
Facebook,2024-10-27,1
Facebook,2024-10-30,2
Marketing Examined,2024-11-02,1
,2024-12-21,3
Qualified.com,2024-11-13,5
Facebook,2024-11-19,4
Facebook,2024-12-18,3
,2024-12-30,12
Facebook,2024-12-21,3
Facebook,2025-01-05,1
Facebook,2024-11-28,2
Linkedin,2024-12-01,3
Facebook,2024-12-04,4
Facebook,2024-12-06,4
Growth Hacks,2024-12-15,4
Facebook,2024-12-16,4
DigitalCommerce360,2025-02-03,1
Facebook,2024-12-26,2
Facebook,2024-12-27,1
Linkedin,2025-02-13,3
Linkedin,2025-02-19,1
Facebook,2025-03-28,4
Facebook,2025-01-24,5
Facebook,2025-01-19,2
Facebook,2025-02-14,6
Facebook,2025-01-29,7
Facebook,2025-02-10,7
Facebook,2025-02-11,4
Facebook,2025-02-25,4
impact.com,2025-04-17,1
Facebook,2025-04-18,1
Facebook,2025-03-02,3
,2025-03-05,24
Facebook,2025-04-24,1
Facebook,2025-05-01,2
,2025-03-18,21
Facebook,2025-03-21,3
Facebook,2025-03-25,4
Facebook,2025-05-02,1
,2025-03-27,23
,2025-03-29,6
Facebook,2025-03-30,1
,2025-04-03,19
,2025-05-22,20
,2025-04-23,14
,2025-05-02,12
,2025-06-05,23
,2025-06-06,15
Facebook,2025-06-12,1
Marketing Examined,2025-06-14,1
,2025-06-22,6
Facebook,2025-06-24,2
,2024-07-06,7
Marketing Brew,2024-10-05,1
,2024-10-10,12
,2024-09-25,26
eMarketer,2025-05-07,1
,2025-03-01,6
,2025-03-23,5
,2025-06-16,22
Facebook,2024-04-28,1
Facebook,2024-05-22,2
Facebook,2024-10-09,2
Facebook,2024-12-23,1
Sales Sourced,2025-01-22,1
Facebook,2025-05-06,1
Facebook,2025-05-31,1
Linkedin,2025-03-06,1
Go To Millions,2025-02-06,2
,2024-06-18,26
,2024-04-20,10
,2024-09-07,8
mkto,2025-01-23,1
,2024-10-13,8
Morning Brew,2024-04-11,1
Adwords,2024-12-22,4
,2025-04-13,5
,2025-02-10,18
InternetRetailer,2025-04-22,2
,2024-06-03,26
,2025-05-14,25
eMedia,2024-08-15,1
Stacked Marketer,2024-04-23,1
Morning Brew,2024-05-16,1
impact,2024-07-11,1
Marketing Brew,2024-08-22,2
Marketing Brew,2024-08-29,2
,2024-12-05,21
Linkedin,2025-02-07,1
,2025-03-14,16
Facebook,2025-01-27,2
,2025-02-16,6
Facebook,2025-06-15,1
eMedia,2025-04-22,2
Fortune,2024-04-04,1
,2025-05-28,22
,2025-04-07,22
Drift,2024-09-26,1
PharosIQ,2024-09-06,145
Facebook,2024-06-09,1
Facebook,2024-07-15,1
PharosIQ,2024-09-12,2
Marketing Dive,2025-01-10,1
eMarketer,2025-04-24,1
,2025-02-07,12
impact,2025-02-13,1
,2025-03-04,17
,2025-05-15,19
PharosIQ,2025-04-22,2
,2025-05-26,7
,2024-12-19,13
,2025-01-20,11
The Marketing Millennials,2024-08-18,7
DTC,2024-08-19,15
DTC,2024-05-02,1
Marketing Drive,2024-08-27,20
DTC,2024-07-11,1
Go To Millions,2024-08-18,2
Go To Millions,2024-08-19,3
The Marketing Millennials,2024-08-20,3
Go To Millions,2024-08-20,1
DTC,2024-08-22,1
The Marketing Millennials,2024-08-23,4
Go To Millions,2024-08-23,12
Go To Millions,2025-04-22,2
Go To Millions,2024-08-24,2
Go To Millions,2024-08-25,2
The Marketing Millennials,2024-08-26,1
Marketing Drive,2025-04-22,1
Marketing Drive,2024-08-28,1
Go To Millions,2024-08-29,1
Marketing Drive,2024-08-29,1
DTC,2024-08-30,1
DTC,2024-09-02,1
DTC,2024-09-05,1
DTC,2024-09-10,1
DTC,2024-09-16,1
Morning Brew,2024-09-24,1
Go To Millions,2024-09-27,1
,2025-05-19,27
Retail Brew,2024-10-12,3
Retail Brew,2024-10-09,8
Retail Brew,2024-10-13,2
Retail Brew,2024-10-01,5
Retail Brew,2024-10-21,1
,2025-02-25,18
DTC,2024-11-13,1
Qualified.com,2024-12-11,5
SmartBrief,2024-05-12,1
,2024-05-11,4
Sales Sourced,2024-11-06,2
,2024-06-22,4
Qualified.com,2024-10-24,6
,2025-02-27,18
,2025-04-11,17
GDN,2025-04-22,1
,2025-06-21,3
Owned-Direct,2024-09-20,1
Marketing Dive,2024-12-15,1
PharosIQ,2025-04-07,96
PharosIQ,2025-03-10,61
Marketing Millennials,2024-05-24,1
Go To Millions,2025-02-05,9
Demand Curve,2024-09-05,1
Growth Hacks,2024-11-17,1
Why We Buy,2024-10-22,1
Demand Curve,2024-10-24,1
Demand Curve,2024-10-25,2
Why We Buy,2024-10-29,1
Why We Buy,2024-11-05,2
,2024-11-07,17
Demand Curve,2024-12-03,3
,2024-12-11,20
,2024-12-15,7
Go To Millions,2024-12-15,1
,2024-12-17,23
DigitalCommerce360,2025-01-30,34
DTC,2025-02-02,3
DTC,2025-02-03,8
DTC,2025-02-04,1
DTC,2025-02-05,1
Go To Millions,2025-02-07,2
,2025-02-09,10
Go To Millions,2025-02-10,2
,2025-02-11,19
DTC,2025-02-17,1
DigitalCommerce360,2025-02-25,33
PharosIQ,2025-03-03,181
DTC,2025-03-04,1
PharosIQ,2025-03-05,2
,2025-04-21,10
BigCommerce,2024-11-17,1
,2024-05-18,6
,2024-06-08,7
,2024-06-23,8
,2024-07-16,28
impact,2024-10-24,2
,2024-08-31,9
,2024-10-08,19
,2024-10-12,12
,2025-01-05,6
,2025-02-18,19
,2025-03-26,16
,2025-04-01,22
,2025-04-02,19
Qualified.com,2025-04-28,4
,2025-05-06,22
,2025-05-21,15
,2025-06-04,23
,2025-06-11,23
,2025-01-23,10
Adwords,2024-09-03,5
,2024-04-08,29
,2024-05-25,6
,2024-06-01,3
,2024-06-30,9
,2024-07-02,26
Drift,2024-04-07,1
,2024-09-13,19
Qualified.com,2024-09-16,2
,2024-09-23,31
Qualified.com,2024-09-25,1
Adwords,2024-09-25,2
Qualified.com,2024-09-26,3
,2024-10-01,27
,2024-10-02,23
,2024-10-16,21
,2024-10-21,16
Qualified.com,2024-10-23,4
,2024-11-08,17
,2024-11-26,21
,2024-12-03,14
,2024-12-24,15
,2025-01-06,17
,2025-01-07,20
,2025-01-18,3
,2025-01-24,30
,2025-02-01,7
,2025-02-13,14
,2025-02-15,7
,2025-02-19,16
,2025-02-26,18
,2025-03-06,19
,2025-03-28,15
,2025-04-09,16
,2025-04-18,15
,2025-04-26,6
,2025-05-09,12
,2025-05-13,21
,2025-05-20,15
,2025-05-23,22
,2025-05-24,7
,2025-05-27,26
,2025-06-08,9
Qualified.com,2025-02-13,6
Drift,2025-02-04,2
Drift,2024-11-14,1
Qualified.com,2024-11-25,2
Qualified.com,2025-02-17,7
Qualified.com,2025-02-06,6
Drift,2024-10-25,1
INBOUND 2021,2025-02-05,1
mkto,2025-01-30,1
Qualified.com,2025-02-11,7
,2024-07-14,7
impact,2024-11-27,1
Qualified.com,2025-01-15,2
DigitalCommerce360,2025-01-25,1
AmplifySummit,2025-02-19,1
Qualified.com,2025-01-23,6
BigCommerce,2025-04-08,1
Qualified.com,2025-04-22,11
,2025-01-11,1
Drift,2024-04-19,3
ASW,2025-03-10,1
,2025-06-12,17
,2024-11-19,19
,2024-12-25,3
Qualified.com,2024-10-08,3
impact,2024-07-02,1
impact.com,2024-04-09,1
Drift,2024-04-04,1
,2024-04-06,6
,2024-04-10,27
Drift,2024-04-10,1
,2024-04-19,22
G2,2024-04-19,1
,2024-04-21,10
,2024-04-22,24
Adwords,2024-10-09,3
,2024-04-23,27
,2024-10-06,7
Adwords,2024-04-26,2
Drift,2024-09-06,1
Adwords,2024-05-01,3
Drift,2024-05-02,2
Adwords,2024-05-06,3
Drift,2024-05-09,2
Qualified.com,2025-05-09,3
,2024-05-13,31
Facebook,2024-12-31,1
Drift,2024-05-15,1
Drift,2024-05-16,1
,2024-05-17,24
Drift,2024-05-18,2
Adwords,2024-05-21,3
,2024-05-24,15
Drift,2024-05-24,2
Adwords,2025-03-26,7
Drift,2024-11-26,1
Drift,2024-06-05,1
Adwords,2024-06-05,4
Adwords,2024-06-10,2
impact,2024-08-07,1
Qualified.com,2025-05-14,3
Drift,2024-06-12,1
Drift,2024-06-18,1
,2024-06-16,10
Adwords,2024-06-20,4
impact,2024-06-23,1
Adwords,2024-06-24,3
Adwords,2024-06-26,4
Adwords,2024-06-27,3
Adwords,2024-07-17,3
Adwords,2024-06-28,2
Adwords,2024-06-29,3
Adwords,2024-07-01,3
Adwords,2024-07-02,3
Qualified.com,2025-03-21,9
Adwords,2024-07-03,6
Qualified.com,2025-05-19,8
Adwords,2024-07-05,1
Adwords,2024-07-06,1
,2024-07-07,8
,2024-07-10,24
Adwords,2024-07-10,5
Adwords,2024-07-11,4
Drift,2024-09-10,1
Drift,2024-07-12,2
Adwords,2024-07-13,4
Drift,2024-07-15,2
impact,2024-07-14,1
Adwords,2024-07-14,1
Qualified.com,2024-11-26,3
Adwords,2025-04-09,1
Drift,2024-07-18,1
Adwords,2024-07-18,2
,2024-07-21,8
Drift,2024-07-22,1
Drift,2025-03-03,1
Adwords,2024-07-30,2
Drift,2024-08-02,2
,2024-08-04,3
Adwords,2025-06-09,5
Adwords,2024-09-18,5
Qualified.com,2025-03-17,2
Drift,2024-09-16,1
,2024-08-12,23
,2024-08-09,23
Drift,2024-09-01,1
,2024-08-10,6
Qualified.com,2024-08-14,3
Drift,2024-08-15,5
,2024-08-16,25
Drift,2024-08-29,1
,2024-08-17,10
,2024-08-18,11
Qualified.com,2024-08-19,6
Adwords,2024-08-19,2
Qualified.com,2024-08-20,2
Go To Millions,2025-04-11,1
Drift,2024-08-30,1
Adwords,2024-09-09,3
Adwords,2024-09-04,5
Adwords,2024-11-24,4
Qualified.com,2024-09-11,4
Qualified.com,2024-12-19,4
Adwords,2024-09-23,3
Morning Brew,2024-10-02,1
Drift,2024-09-05,2
Morning Brew,2025-02-17,1
Qualified.com,2024-09-06,6
,2024-09-09,19
Qualified.com,2024-09-09,3
Qualified.com,2024-09-10,4
Adwords,2024-09-19,2
Qualified.com,2024-09-12,2
Adwords,2024-09-12,3
,2024-09-16,17
Sales Sourced,2024-09-16,1
Qualified.com,2024-09-17,3
Adwords,2024-09-24,5
Qualified.com,2024-09-18,3
Qualified.com,2024-09-24,3
Qualified.com,2024-09-21,2
Qualified.com,2024-09-19,1
Qualified.com,2024-11-21,1
,2024-09-21,10
Qualified.com,2024-09-23,1
Sales Sourced,2024-09-25,1
,2024-09-27,29
Qualified.com,2024-09-27,4
,2024-09-28,8
,2024-09-29,6
Qualified.com,2024-09-30,1
Qualified.com,2024-10-15,4
,2024-12-09,19
Qualified.com,2024-10-01,2
Qualified.com,2024-10-04,2
Qualified.com,2024-10-02,1
Qualified.com,2024-10-07,5
Qualified.com,2024-10-09,1
,2024-10-05,3
Qualified.com,2024-10-06,2
Adwords,2024-10-08,5
Qualified.com,2024-10-11,1
Qualified.com,2024-10-16,2
Marketing Dive,2025-02-06,1
DTC,2025-01-30,1
Qualified.com,2025-05-08,5
Qualified.com,2024-10-25,2
Adwords,2024-10-12,3
Adwords,2024-10-28,5
Adwords,2024-10-16,1
Qualified.com,2024-10-17,2
,2024-10-19,8
Qualified.com,2024-10-20,1
Qualified.com,2024-10-21,3
Qualified.com,2024-10-22,2
Sales Sourced,2024-10-23,1
Qualified.com,2024-11-07,2
,2024-10-26,5
,2024-10-27,4
Marketing Examined,2024-11-28,1
Qualified.com,2024-10-30,2
,2024-11-02,4
,2024-11-03,4
Qualified.com,2024-12-12,3
Qualified.com,2024-11-04,2
Adwords,2024-11-04,5
Qualified.com,2024-11-05,1
Qualified.com,2024-11-08,3
Adwords,2024-11-11,1
,2024-11-09,5
Qualified.com,2024-11-10,1
Adwords,2024-11-12,3
Qualified.com,2024-11-12,1
,2024-11-15,12
Qualified.com,2024-12-10,1
Qualified.com,2024-11-15,2
,2024-11-16,3
,2024-11-17,7
Qualified.com,2024-11-18,3
Adwords,2024-11-22,2
,2024-11-22,18
,2024-11-24,6
,2024-12-02,14
,2024-11-30,3
,2024-12-01,4
Adwords,2024-12-19,1
Qualified.com,2024-12-02,2
Qualified.com,2024-12-03,2
Qualified.com,2024-12-05,3
Qualified.com,2024-12-06,1
,2024-12-07,4
Qualified.com,2024-12-07,2
Qualified.com,2025-01-06,3
Qualified.com,2024-12-08,1
Adwords,2025-03-27,2
Qualified.com,2024-12-09,3
Marketing Examined,2024-12-12,2
,2024-12-13,9
Qualified.com,2024-12-13,2
,2024-12-14,3
Qualified.com,2024-12-15,1
Qualified.com,2024-12-16,3
Adwords,2025-02-05,5
Qualified.com,2025-05-29,5
Qualified.com,2024-12-18,2
Marketing Examined,2024-12-18,1
,2024-12-22,6
Qualified.com,2025-01-08,6
,2024-12-23,5
Qualified.com,2024-12-23,3
Qualified.com,2024-12-24,2
Adwords,2024-12-24,1
Qualified.com,2024-12-26,3
Qualified.com,2024-12-27,2
,2024-12-28,4
,2024-12-29,6
Qualified.com,2024-12-30,2
Adwords,2024-12-30,3
Marketing Examined,2024-12-31,1
,2024-12-31,2
,2025-01-01,6
Qualified.com,2025-01-03,3
Adwords,2025-01-05,1
Qualified.com,2025-01-05,2
Qualified.com,2025-01-07,2
Qualified.com,2025-01-30,5
Qualified.com,2025-04-03,8
Qualified.com,2025-01-09,7
Qualified.com,2025-01-10,3
Qualified.com,2025-02-27,3
,2025-01-12,8
Qualified.com,2025-01-13,3
,2025-01-15,16
Qualified.com,2025-02-26,2
Qualified.com,2025-01-16,3
,2025-01-17,11
,2025-01-19,6
Adwords,2025-01-20,6
Qualified.com,2025-01-21,3
Qualified.com,2025-02-05,8
Drift,2025-02-26,1
Sales Sourced,2024-04-08,1
Sales Sourced,2024-04-10,1
Sales Sourced,2024-04-28,1
Sales Sourced,2024-04-18,1
Sales Sourced,2024-05-08,1
Sales Sourced,2024-05-01,1
Sales Sourced,2024-06-03,1
Sales Sourced,2024-07-29,1
,2025-01-27,15
,2025-01-25,5
Qualified.com,2025-04-26,5
,2025-01-26,6
Qualified.com,2025-01-27,3
Qualified.com,2025-01-28,8
Qualified.com,2025-01-29,2
Qualified.com,2025-03-10,3
,2025-01-31,16
Qualified.com,2025-01-31,1
Qualified.com,2025-03-25,5
,2025-02-02,4
Qualified.com,2025-02-03,2
,2025-02-04,18
Qualified.com,2025-02-04,6
Qualified.com,2025-02-07,3
Qualified.com,2025-02-08,2
Adwords,2025-02-08,6
,2025-02-08,5
Qualified.com,2025-02-09,1
Qualified.com,2025-02-10,4
,2025-03-07,9
Qualified.com,2025-02-12,7
Adwords,2025-02-13,4
Qualified.com,2025-03-06,5
Qualified.com,2025-02-14,3
Qualified.com,2025-02-15,1
Qualified.com,2025-02-16,2
Qualified.com,2025-02-18,5
Qualified.com,2025-02-19,7
Qualified.com,2025-02-20,6
,2025-02-24,22
Adwords,2025-02-20,3
Adwords,2025-04-07,3
Qualified.com,2025-02-21,9
Qualified.com,2025-03-18,11
Qualified.com,2025-02-22,1
,2025-02-22,2
Adwords,2025-02-23,1
Qualified.com,2025-02-23,3
Qualified.com,2025-02-24,6
Qualified.com,2025-02-25,5
Adwords,2025-02-25,3
Qualified.com,2025-02-28,2
,2025-02-28,10
Qualified.com,2025-03-01,5
Qualified.com,2025-03-02,2
Qualified.com,2025-03-03,1
,2025-03-03,10
impact.com,2025-03-28,1
Qualified.com,2025-03-04,6
,2025-03-24,24
G2,2025-03-18,1
Qualified.com,2025-03-05,4
Qualified.com,2025-03-31,5
Adwords,2025-03-10,2
Qualified.com,2025-03-07,9
,2025-03-09,9
,2025-03-08,2
Qualified.com,2025-03-12,5
Qualified.com,2025-03-11,4
Qualified.com,2025-03-13,7
,2025-04-08,23
Qualified.com,2025-03-14,4
Qualified.com,2025-03-15,1
,2025-03-15,3
,2025-03-16,10
Qualified.com,2025-03-16,1
Qualified.com,2025-03-19,3
Qualified.com,2025-06-11,7
Qualified.com,2025-03-20,4
,2025-03-21,13
Qualified.com,2025-03-22,3
,2025-03-22,2
Adwords,2025-03-23,1
Qualified.com,2025-03-23,1
Qualified.com,2025-03-24,4
Adwords,2025-04-24,4
Qualified.com,2025-03-26,5
Qualified.com,2025-03-27,4
Qualified.com,2025-04-06,2
Qualified.com,2025-03-28,3
,2025-06-17,18
Qualified.com,2025-03-29,1
,2025-03-30,4
Qualified.com,2025-04-01,3
Adwords,2025-04-04,1
Qualified.com,2025-04-02,5
,2025-04-04,11
,2025-04-05,5
Qualified.com,2025-04-16,6
,2025-04-06,4
Qualified.com,2025-04-07,1
DTC,2025-04-07,3
Qualified.com,2025-04-08,6
Qualified.com,2025-04-09,5
Qualified.com,2025-04-10,5
Qualified.com,2025-04-11,3
,2025-04-12,4
Qualified.com,2025-04-24,4
Qualified.com,2025-04-13,2
,2025-04-14,17
Qualified.com,2025-04-14,2
Qualified.com,2025-04-15,2
Qualified.com,2025-05-02,2
Qualified.com,2025-04-23,7
Qualified.com,2025-04-18,2
,2025-04-20,2
Qualified.com,2025-04-21,8
,2025-04-25,13
Qualified.com,2025-04-25,3
,2025-04-27,8
Qualified.com,2025-04-29,4
,2025-04-30,14
Qualified.com,2025-04-30,2
Qualified.com,2025-05-12,3
Qualified.com,2025-05-01,3
Qualified.com,2025-05-03,2
,2025-05-04,5
Adwords,2025-06-07,1
Qualified.com,2025-05-05,6
Qualified.com,2025-06-26,4
Qualified.com,2025-05-06,4
Qualified.com,2025-05-07,5
Qualified.com,2025-06-04,4
,2025-05-10,3
Qualified.com,2025-05-13,5
Qualified.com,2025-05-15,3
Qualified.com,2025-05-20,3
,2025-05-17,4
Qualified.com,2025-05-17,1
,2025-05-18,6
Qualified.com,2025-05-18,1
,2025-06-03,18
Qualified.com,2025-05-21,3
Qualified.com,2025-05-22,7
Adwords,2025-05-25,2
,2025-05-25,10
Qualified.com,2025-05-25,2
Qualified.com,2025-05-26,1
Qualified.com,2025-05-27,3
Qualified.com,2025-05-28,7
Qualified.com,2025-05-30,6
,2025-05-30,13
Qualified.com,2025-05-31,3
,2025-05-31,5
Qualified.com,2025-06-02,2
,2025-06-13,12
Qualified.com,2025-06-03,8
,2025-06-07,11
Qualified.com,2025-06-10,8
Qualified.com,2025-06-05,3
Qualified.com,2025-06-06,2
Qualified.com,2025-06-07,2
Qualified.com,2025-06-08,1
Qualified.com,2025-06-09,8
Adwords,2025-06-14,1
Qualified.com,2025-06-12,3
Qualified.com,2025-06-13,4
,2025-06-14,11
,2025-06-15,7
Qualified.com,2025-06-15,1
Qualified.com,2025-06-16,5
Qualified.com,2025-06-17,4
Qualified.com,2025-06-18,1
,2025-06-19,24
Qualified.com,2025-06-19,4
Qualified.com,2025-06-20,3
Facebook,2025-06-21,1
Qualified.com,2025-06-21,1
Qualified.com,2025-06-22,1
Qualified.com,2025-06-23,8
,2025-06-24,21
Qualified.com,2025-06-24,2
Qualified.com,2025-06-25,9
,2025-06-25,28
Drift,2025-05-31,1
Drift,2024-08-13,1
BigCommerce,2024-09-04,1
impact.com,2024-06-28,1
Adwords,2024-04-19,3
Sales Sourced,2024-06-19,1
Adwords,2024-07-15,4
Drift,2024-07-25,1
Drift,2024-08-12,2
Zoominfo,2024-08-20,1
Marketing Brew,2024-09-13,1
Qualified.com,2024-09-13,2
Adwords,2024-09-17,2
Stacked Marketer,2024-11-11,1
Sales Sourced,2024-04-25,1
Sales Sourced,2024-05-14,1
Adwords,2025-06-17,2
impact,2024-07-26,1
Splash,2025-04-22,11
Drift,2024-09-07,1
Drift,2024-04-18,1
Drift,2024-05-29,2
Drift,2024-06-11,1
Drift,2024-06-22,1
Drift,2024-06-24,1
Drift,2024-08-08,2
Drift,2024-08-09,1
Adwords,2024-08-23,3
ASW 2019,2025-04-22,1
INBOUND 2021,2025-04-22,7
INBOUND 2021,2025-01-22,1
ASW Social 2018,2025-04-22,1
Internet Retailer,2025-01-21,1
Acceleration Partners,2025-04-22,1
SimplyDirect,2024-04-03,1
impact,2024-06-14,3
impact,2024-07-10,1
impact,2024-08-06,4
impact,2024-07-09,21
impact,2024-06-19,2
impact,2024-06-25,2
impact,2024-08-01,1
impact,2024-07-19,2
impact,2024-08-30,1
Martech Record,2025-06-24,2
Marketing,2024-06-21,1
Synthio,2024-08-15,9
mkto,2025-01-22,2
PharosIQ,2025-06-10,98
PharosIQ,2025-06-04,16
PharosIQ,2025-05-30,228
PharosIQ,2025-06-24,153
PharosIQ,2025-06-25,32
Drift,2024-05-06,1
Drift,2024-04-03,2
Drift,2024-04-08,1
Drift,2024-04-12,2
Drift,2024-04-15,1
Drift,2024-04-21,2
Drift,2024-04-24,1
Drift,2024-04-27,1
Drift,2024-04-29,1
Drift,2024-05-03,2
Drift,2024-05-07,2
Drift,2024-05-11,1
Drift,2024-05-31,2
Drift,2024-06-02,2
Drift,2024-06-04,1
Drift,2024-06-06,1
Drift,2024-06-16,1
Drift,2024-06-17,1
Drift,2024-06-23,1
Drift,2024-06-25,1
Drift,2024-07-01,1
Drift,2024-07-03,1
Drift,2024-07-07,1
Drift,2024-07-08,1
Drift,2024-07-09,1
Drift,2024-07-10,1
Drift,2024-07-16,1
Drift,2024-07-19,1
Drift,2024-07-20,1
Drift,2024-07-23,1
Drift,2024-07-24,1
Drift,2024-07-26,3
Drift,2024-07-28,1
Drift,2024-07-31,1
Drift,2024-08-05,1
Drift,2024-08-06,1
Drift,2024-08-14,2
Adwords,2024-08-14,6
Drift,2024-08-20,1
Drift,2024-08-21,2
Drift,2024-08-25,1
Drift,2024-08-26,1
Drift,2024-08-28,2
Drift,2024-09-08,1
Drift,2024-06-10,1
PI Live,2025-04-22,1
PI Live 2021,2025-04-22,1
Owned-Direct,2025-05-10,1
Internet Retailing,2025-01-21,1
Adwords,2025-05-06,2
Adwords,2024-09-01,1
Drift,2024-09-20,1
Adwords,2024-07-28,2
Drift,2024-09-04,1
Adwords,2024-12-21,5
Adwords,2025-06-25,1
Adwords,2024-09-21,2
Adwords,2024-10-04,6
Adwords,2025-01-21,3
Adwords,2024-10-18,2
Adwords,2024-10-22,2
Adwords,2024-10-23,4
Adwords,2024-10-24,3
Adwords,2024-10-31,3
Adwords,2024-11-05,3
Adwords,2024-11-07,1
Adwords,2024-11-10,1
Qualified.com,2024-11-11,2
Adwords,2024-11-13,7
Adwords,2025-06-19,2
Adwords,2024-11-21,2
Adwords,2024-11-23,3
Adwords,2024-11-27,3
Adwords,2024-12-02,3
Adwords,2024-12-06,4
Adwords,2025-01-31,2
Adwords,2024-12-09,3
Adwords,2024-12-10,1
Adwords,2024-12-11,5
Adwords,2024-12-16,3
Adwords,2025-03-20,5
Adwords,2024-12-23,2
Adwords,2024-12-27,1
Adwords,2024-12-29,2
Adwords,2025-01-02,6
Adwords,2025-01-09,2
Adwords,2025-01-16,5
Adwords,2025-01-18,3
Sales Sourced,2024-04-01,1
Adwords,2025-01-23,4
Adwords,2025-01-24,11
Adwords,2025-01-25,5
Adwords,2025-01-26,1
Adwords,2025-02-02,2
Adwords,2025-02-03,7
impact.com,2025-02-05,1
Adwords,2025-02-06,4
Adwords,2025-02-12,6
Adwords,2025-02-14,2
Adwords,2025-02-17,1
Adwords,2025-02-19,2
Adwords,2025-02-24,1
Adwords,2025-02-26,4
Adwords,2025-02-28,6
Adwords,2025-03-02,1
Adwords,2025-03-05,5
Adwords,2025-03-08,3
Adwords,2025-03-11,2
Adwords,2025-03-12,3
Adwords,2025-03-13,2
Adwords,2025-03-14,2
Adwords,2025-03-15,1
Adwords,2025-03-16,1
Adwords,2025-03-18,4
Adwords,2025-03-19,5
Adwords,2025-03-21,2
Adwords,2025-03-22,2
Adwords,2025-03-25,2
Adwords,2025-03-30,1
Marketing Brew,2025-04-15,1
Adwords,2025-05-12,2
Adwords,2025-05-14,2
Adwords,2025-05-19,1
Adwords,2025-05-23,3
Adwords,2025-05-26,1
Adwords,2025-05-28,1
Adwords,2025-05-31,2
Adwords,2025-06-04,1
Adwords,2025-06-06,1
Adwords,2025-06-08,1
Adwords,2025-06-16,1
Adwords,2025-06-20,2
Adwords,2025-06-22,2
impact,2025-06-23,1
Internet Retailer,2025-01-03,1
Inside.com,2024-10-03,1
Drift,2024-09-17,1
AdWeek,2024-04-16,1
Adwords,2024-08-09,1
Morning Brew,2024-08-21,1
Adwords,2024-04-01,3
Adwords,2024-04-02,3
Adwords,2024-04-03,4
Adwords,2024-04-04,1
Adwords,2024-04-05,1
Adwords,2024-04-06,3
Adwords,2024-04-07,2
Adwords,2024-04-08,2
Adwords,2024-04-10,3
Adwords,2024-04-12,3
Adwords,2024-04-13,3
Adwords,2024-04-15,1
Adwords,2024-04-16,5
Adwords,2024-04-17,2
Adwords,2024-04-18,1
Adwords,2024-04-21,4
Adwords,2024-04-22,2
Adwords,2024-04-23,2
Adwords,2024-04-30,3
Adwords,2024-04-24,1
Adwords,2024-04-27,3
Adwords,2024-04-28,1
Adwords,2024-04-29,3
Adwords,2024-05-03,1
Adwords,2024-05-04,4
Adwords,2024-05-05,2
Adwords,2024-05-07,2
Adwords,2024-05-08,1
Adwords,2024-05-09,2
Adwords,2024-05-10,5
Adwords,2024-05-11,1
Adwords,2024-05-12,1
Adwords,2024-05-15,3
Adwords,2024-05-18,2
Adwords,2024-05-19,1
Adwords,2024-05-20,2
Adwords,2024-05-22,2
Adwords,2024-05-26,2
Adwords,2024-05-27,2
Adwords,2024-05-28,5
Adwords,2024-05-29,1
Adwords,2024-05-30,1
Adwords,2024-05-31,1
Drift,2025-01-26,1
Adwords,2024-06-04,1
Adwords,2024-06-06,1
Adwords,2024-06-14,2
Adwords,2024-06-12,1
Adwords,2024-06-15,1
Adwords,2024-06-17,2
Adwords,2024-06-18,3
Adwords,2024-06-19,2
Adwords,2024-06-21,1
Adwords,2024-06-22,2
Adwords,2024-06-23,1
Adwords,2024-06-25,2
Adwords,2024-06-30,1
Adwords,2024-07-04,1
Adwords,2024-07-08,3
Adwords,2024-07-09,2
Adwords,2024-07-12,2
Adwords,2024-08-16,4
Adwords,2024-07-21,1
Adwords,2024-07-22,3
Adwords,2024-07-23,1
Adwords,2024-07-24,1
Adwords,2024-07-25,1
Adwords,2024-07-26,1
Adwords,2024-07-27,1
Adwords,2024-07-29,3
Adwords,2024-07-31,1
Adwords,2024-08-02,4
Adwords,2024-08-03,2
Adwords,2024-08-05,4
Adwords,2024-08-07,3
Adwords,2024-08-08,1
Adwords,2024-08-10,1
Adwords,2024-08-12,1
Adwords,2024-08-13,3
Adwords,2024-08-17,2
Adwords,2024-08-18,1
Adwords,2024-08-21,2
Adwords,2024-08-22,3
Adwords,2024-08-24,1
Adwords,2024-08-27,2
Adwords,2024-08-28,5
Adwords,2024-08-29,3
Adwords,2024-08-30,1
Adwords,2024-09-02,4
Adwords,2024-09-05,2
Adwords,2024-09-06,2
Adwords,2024-09-07,1
Adwords,2024-09-08,2
Adwords,2024-09-10,2
Adwords,2024-09-11,3
Adwords,2024-09-13,4
Adwords,2024-09-15,2
Adwords,2025-04-22,3
Adwords,2024-09-20,4
Adwords,2024-10-07,8
Qualified.com,2024-10-14,1
Adwords,2024-09-26,1
Adwords,2024-09-29,11
Adwords,2024-09-27,4
Adwords,2024-09-28,1
Adwords,2024-10-05,3
Adwords,2024-09-30,8
Adwords,2024-10-02,6
Adwords,2024-10-10,8
Adwords,2024-10-03,2
Adwords,2024-10-06,2
Adwords,2024-10-11,2
Adwords,2024-10-14,7
Adwords,2024-10-13,2
Adwords,2024-12-04,1
Adwords,2024-10-17,2
Adwords,2024-10-19,2
Adwords,2024-10-20,2
Adwords,2024-10-25,2
Facebookads,2024-10-25,1
Adwords,2024-10-27,1
Adwords,2024-10-29,3
Adwords,2024-10-30,1
Adwords,2024-11-06,2
Adwords,2024-11-02,2
Adwords,2024-12-18,1
Adwords,2024-11-08,2
Adwords,2025-02-07,1
Adwords,2024-11-15,1
Adwords,2024-11-16,1
Adwords,2024-11-17,1
Sales Sourced,2024-11-18,1
Adwords,2024-11-20,1
Adwords,2025-02-21,3
Adwords,2024-11-25,1
Adwords,2024-11-26,1
Adwords,2024-11-28,1
Adwords,2024-11-29,1
Adwords,2024-11-30,3
Adwords,2024-12-01,2
Adwords,2024-12-03,2
Adwords,2024-12-17,3
Adwords,2024-12-08,1
Adwords,2024-12-12,1
Adwords,2024-12-13,1
Adwords,2024-12-15,3
Adwords,2024-12-20,1
Adwords,2024-12-25,1
Adwords,2024-12-26,2
Adwords,2024-12-31,1
Adwords,2025-01-03,4
Adwords,2025-01-04,3
Adwords,2025-01-06,1
Adwords,2025-01-07,1
Adwords,2025-01-11,1
Adwords,2025-01-13,1
Adwords,2025-01-14,1
Adwords,2025-01-15,2
Adwords,2025-01-17,3
Adwords,2025-01-19,1
Adwords,2025-01-22,1
Adwords,2024-04-11,1
Adwords,2024-05-13,1
Adwords,2025-01-29,4
Adwords,2025-01-30,5
Adwords,2025-02-04,2
Adwords,2025-02-09,2
Adwords,2025-02-10,1
Adwords,2025-02-18,2
Adwords,2025-02-22,1
Adwords,2025-02-27,2
Adwords,2025-03-06,1
Adwords,2025-03-07,7
Adwords,2025-03-09,1
Adwords,2025-03-17,2
Adwords,2025-03-24,1
Adwords,2025-03-28,1
Adwords,2025-03-31,1
Adwords,2025-04-03,1
Adwords,2025-04-08,1
Adwords,2025-04-12,1
Adwords,2025-04-17,1
Adwords,2025-04-18,1
Adwords,2025-04-25,3
Adwords,2025-04-28,2
Adwords,2025-04-29,1
Adwords,2025-05-07,1
Adwords,2025-05-08,2
Adwords,2025-05-09,1
Adwords,2025-05-24,1
Adwords,2025-06-13,1
Adwords,2025-06-23,2
Marketing Brew,2025-01-21,1
Inside,2025-04-22,1
Alyce,2025-04-22,1
Primer,2024-08-19,1
Primer,2025-04-22,20
Primer,2024-08-15,1
Primer,2024-04-25,1
Morning Brew,2024-06-20,1
Qualified.com,2025-01-19,1
Qualified.com,2024-11-16,1
Qualified.com,2024-10-10,1
Qualified.com,2024-10-13,1
Qualified.com,2024-10-19,1
Qualified.com,2024-10-29,2
Qualified.com,2024-11-09,1
Qualified.com,2024-11-17,1
Qualified.com,2024-11-19,1
Qualified.com,2024-11-22,2
Qualified.com,2024-11-27,2
Qualified.com,2024-11-29,2
Qualified.com,2024-12-22,1
Qualified.com,2024-12-31,1
Qualified.com,2025-01-02,1
Qualified.com,2025-01-14,1
Qualified.com,2025-01-12,2
Qualified.com,2025-01-17,1
Qualified.com,2025-01-20,1
Qualified.com,2025-02-02,2
Adwords,2025-02-16,1
Adwords,2025-03-01,1
Adwords,2025-03-03,2
Qualified.com,2025-03-08,1
Qualified.com,2025-04-05,2
Adwords,2025-04-11,1
Qualified.com,2025-04-12,1
Qualified.com,2025-04-19,1
Adwords,2025-06-26,1
G2,2024-04-01,1
G2,2024-09-09,1
G2,2024-09-10,1
G2,2024-10-07,1
G2,2025-02-19,1
G2,2024-06-03,1
G2,2024-06-25,1
G2,2024-08-08,1
G2,2024-09-07,1
G2,2025-03-16,1
Retail Fest,2025-06-12,1
ASE 2017,2025-04-22,2
Programmatic I.O. NY 2017,2025-04-22,1
ad:tech NY 2017,2025-04-22,1
2018 Programmatic I/O SF,2025-04-22,5
Sales Sourced,2025-04-22,19
Sales Sourced,2024-08-15,2
Sales Sourced,2024-12-04,1
LeadsCon 2017,2025-01-22,1
Sales Sourced,2024-05-05,1
Sales Sourced,2025-01-23,2
Sales Sourced,2025-03-19,1
impact,2024-11-08,1
DigitalCommerce360,2024-11-21,10
Marketo,2024-04-28,1
Retail Brew,2024-05-03,1
DTC,2025-04-06,3
impact.com,2025-04-28,1
Go To Millions,2025-03-21,2
Go To Millions,2025-02-08,1
Marketing Brew,2025-03-03,6
Marketing Brew,2025-03-04,1
Marketing Brew,2025-03-06,2
Marketing Mellennials,2025-03-18,5
Retail Dive,2025-03-18,1
Marketing Mellennials,2025-03-19,1
Go To Millions,2025-03-26,1
Marketing Brew,2025-04-01,2
Marketing Brew,2025-04-03,1
DTC,2025-04-17,1
Go To Millions,2025-06-09,1
Social Media Dive,2025-02-20,1
Social Media Dive,2025-01-17,1
Social Media Dive,2025-02-25,10
Social Media Dive,2025-02-26,1
impact.com,2025-05-29,1
Morning Brew,2024-07-29,1
Morning Brew,2025-04-22,1
Morning Brew,2024-09-07,1
Morning Brew,2024-09-09,1
Inside Retail Australia,2025-01-13,1
DigitalCommerce360,2024-04-18,1
Marketing Brew,2025-01-23,1
Facebook,2025-05-13,1
impact.com,2024-06-10,1
impact.com,2024-06-18,16
impact.com,2024-06-17,36
impact.com,2024-06-24,1
impact.com,2024-06-19,7
impact.com,2024-07-03,18
impact.com,2024-09-06,11
impact.com,2024-08-13,1
impact.com,2024-09-02,1
impact.com,2025-05-21,1
impact.com,2025-06-10,8
impact.com,2025-05-13,1
impact.com,2025-06-25,16
impact.com,2024-09-03,1
impact.com,2025-06-23,1