Region,Sub-Region,Event Name,SF Campaign Link,Ad Campaign Name,Event Start Date,Event End Date,Event Dashboard Category,Event Type,Event Budget - Pls input in SF campaign,Event Actual Cost - Pls input in SF campaign ,Audience,
NAM,US,iPX23,https://impactradius.lightning.force.com/lightning/r/Campaign/701K500000095GFIAY/view,Event-Hosted | 2023-06-14 | impact.com's Partnerships Experience 2023,6/13/2023,6/14/2023,Impact.com Hosted,Event-Hosted Splash,"$800,000","$916,994",Affiliate/Partnerships,
NAM,US,eTail West 23,https://impactradius.lightning.force.com/lightning/r/Campaign/701K500000097CMIAY/view,Event-Tradeshow | 2023-02-27 | eTail West 2023,2/28/2023,3/2/2023,External,Event-Tradeshow,"$68,000","$69,279",Affiliate/Partnerships,
NAM,US,PI Live Miami,https://impactradius.lightning.force.com/lightning/r/Campaign/701K500000099q4IAA/view,Event-Tradeshow | PC - 20230402 | PI Live Miami,4/2/2023,4/4/2023,External,Event-Tradeshow,"$45,000","$40,918",Affiliate/Partnerships,
NAM,US,Affiliate Summit West,https://impactradius.lightning.force.com/lightning/r/Campaign/701K5000000949yIAA/view,Event-Tradeshow | 2023-01-23 | ASW 2023,1/23/2023,1/25/2023,External,Event-Tradeshow,"$12,000","$18,298",Affiliate/Partnerships,
NAM,US,Santa Barbara Zoo Happy Hour,https://impactradius.lightning.force.com/lightning/r/Campaign/7014W000001unfxQAA/view,Event-Hosted | 2023-09-11 | Santa Barbara Zoo Happy Hour,9/11/2023,9/11/2023,impact.com Hosted,Event-Hosted Splash,"$70,000","$65,465",Affiliate/Partnerships,
NAM,US,ASE VIP Dinner,https://impactradius.lightning.force.com/lightning/r/Campaign/701K50000009GJLIA2/related/CampaignMembers/view,Event-Hosted | 2023-07-31 | ASE Dinner with impact (for Affiliate Summit East),7/31/2023,7/31/2023,Impact.com Hosted,Event-Hosted Splash,"$35,000","$26,351",Affiliate/Partnerships,
NAM,US,Miami IRL,https://impactradius.lightning.force.com/lightning/r/Campaign/701K500000097P7IAI/view,Event-Hosted | 2023-04-04 | Partnerships IRL - Miami,4/4/2023,4/4/2023,Impact.com Hosted,Event-Hosted Splash,"$30,000","$29,270",Influencer,
NAM,US,NYC IRL,https://impactradius.lightning.force.com/lightning/r/Campaign/701K50000009AsqIAE/view,Event-Hosted | 2023-05-04 | Partnerships IRL - New York City,5/4/2023,5/4/2023,Impact.com Hosted,Event-Hosted Splash,"$40,000","$45,043",Influencer,
NAM,US,Dallas IRL,https://impactradius.lightning.force.com/lightning/r/Campaign/701K50000009K3UIAU/view,Event-Hosted | 2023-10-04 | Partnerships IRL - Dallas,10/4/2023,10/4/2023,Impact.com Hosted,Event-Hosted,"$30,000",,Influencer,
NAM,US,iPX Connect / Creator Edition,https://impactradius.lightning.force.com/lightning/r/Campaign/701K50000009JBmIAM/view,Event-Hosted | PC - 20231024 | iPX Connect - Creator Edition,10/24/2023,10/24/2023,Impact.com Hosted,Event-Hosted,"$100,000",,Influencer,
NAM,US,PI: SF,https://impactradius.lightning.force.com/lightning/r/Campaign/701K50000009K2lIAE/view,Event-Hosted | 2023-09-13 | Innovators in Performance Marketing - SF,9/13/2023,9/13/2023,impact.com Hosted,Event-Hosted Splash,"$3,000","$2,489",Affiliate/Partnerships,
NAM,US,PI: NYC,https://impactradius.lightning.force.com/lightning/r/Campaign/701K50000009OIcIAM/view,Event-Hosted | PC - 20231102 | PI: NYC VIP dinner,11/2/2023,11/2/2023,impact.com Hosted,Event-Hosted Splash,"$3,000",,Affiliate/Partnerships,
NAM,US,DMFS- NYC 23,https://impactradius.lightning.force.com/lightning/r/Campaign/701K50000009OIXIA2/view,Event-Tradeshow | PC - 20231102 | DMFS (Digital Mkting for Finserv Summit- NYC),11/2/2023,11/3/2023,External,Event-Tradeshow,"$20,000","$20,358",Affiliate/Partnerships,
NAM,US,Austin VIP Dinner,https://impactradius.lightning.force.com/lightning/r/Campaign/701K50000009KlzIAE/view,Event-Hosted | 2023-10-03 | impact Austin VIP Dinner,10/3/2023,10/3/2023,Impact.com Hosted,Event-Hosted,"$50,000","$13,814",Affiliate/Partnerships,
NAM,US,Seattle VIP Dinner,,Event-Hosted | PC - 20230926 | impact Seattle VIP Dinner,10/18/2023,10/18/2023,Impact.com Hosted,Event-Hosted,"$50,000",,Affiliate/Partnerships,
NAM,US,CMO Network Event,https://impactradius.lightning.force.com/lightning/r/Campaign/701K50000009LNuIAM/view,Event-Tradeshow | PC - 20230913 | CMO Network Event,9/13/2023,9/14/2023,External,Event-Tradeshow,"$16,000","$15,950",Affiliate/Partnerships,
NAM,US,Digiday Publishing Summit - Vail,https://impactradius.lightning.force.com/lightning/r/Campaign/701K50000009943IAA/view,Event-Tradeshow | 20230327 | Digiday - Supply Side,3/27/2023,3/29/2023,External,Event-Tradeshow,"$60,000","$66,790",TRX/Pressboard,
NAM,US,Digiday Publshing Summit - Miami Hosted Brunch,https://impactradius.lightning.force.com/lightning/r/Campaign/701K50000009MHHIA2/view,Event-Hosted | 20230918 | Digiday Publishing Summit - Miami - Supply Side,9/18/2023,9/18/2023,Impact.com Hosted,Event-Hosted,"$6,000","$5,617",TRX/Pressboard,
NAM,US,IMS 2023,https://impactradius.lightning.force.com/lightning/r/Campaign/701K50000009FFhIAM/view,Event-Tradeshow | PC - 20230613 | IMS - Influencer Marketing Show,6/20/2023,6/21/2023,External,Event-Tradeshow,"$18,000","$16,500",Influencer,
NAM,US,Afternoon Tea,https://impactradius.lightning.force.com/lightning/r/Campaign/701K50000009L6lIAE/view,Event-Hosted | PC - 20231102 | CMO Afternoon Tea,11/2/2023,11/2/2023,Impact.com Hosted,Event-Hosted,"$14,000","$8,265",Affiliate/Partnerships,
NAM,US,Affiliate Summit West 2024,https://impactradius.lightning.force.com/lightning/r/Campaign/701K50000009PLJIA2/view,Event-Tradeshow | 2024-01-15 | ASW 2024,1/15/2024,1/16/2024,External,Event-Tradeshow,"$25,000","$24,964",Affiliate/Partnerships,
NAM,US,TopGolf Happy Hour,https://impactradius.lightning.force.com/lightning/r/Campaign/701K50000009Q2jIAE/view,Event-Hosted | PC - 20240116 | Topgolf Happy Hour at ASW 2024,1/16/2024,1/16/2024,Impact.com Hosted,,"$75,000","$102,875",,
NAM,US,Creator Economy Live 2024,https://impactradius.lightning.force.com/lightning/r/Campaign/701K50000009Q1CIAU/vie,Event-Tradeshow | PC - 20240116 | Creator Economy Live,1/16/2024,1/17/2024,External,Event-Tradeshow,"$25,000","$25,000",Influencer,
NAM,US,PI: Vegas/ ASW,https://impactradius.lightning.force.com/lightning/r/Campaign/701K50000009Pn4IAE/view,Event-Hosted | PC - 20240115 | PI: Las Vegas,1/15/2024,1/15/2024,Impact.com Hosted,Event-Hosted,,,Affiliate/Partnerships,
NAM,US,eTail West 24,https://impactradius.lightning.force.com/lightning/r/Campaign/701K50000009SPcIAM/view,Event-Tradeshow | 2024-02-26 | eTail West 2024,2/26/2024,2/29/2024,External,Event-Tradeshow,"$50,000","$46,415",Affiliate/Partnerships,
NAM,US,PI Live Miami,https://impactradius.lightning.force.com/lightning/r/Campaign/701PE000007fjZqYAI/view,Event-Tradeshow | PC - 20240416 | PI Live Miami,4/16/2024,4/18/2024,External,Event-Tradeshow,"$26,000","$25,720",Affiliate/Partnerships,
NAM,US,Palm Springs Happy Hour,https://impactradius.lightning.force.com/lightning/r/Campaign/701PE000007PB98YAG/view,Event-Hosted | PC - 20240226 | impact Palm Springs Happy Hour,2/26/2024,2/26/2024,Impact.com Hosted,Event-Hosted,"$20,000","$18,831",,
NAM,US,Partnerships IRL: Los Angeles,https://impactradius.lightning.force.com/lightning/r/Campaign/701PE000008vIWfYAM/view,Event-Hosted | 20240410 | Partnerships IRL - Los Angeles,4/10/2024,4/10/2024,Impact.com Hosted,Event-Hosted,"$32,000",,,
NAM,US,iPX24 NYC,https://impactradius.lightning.force.com/lightning/r/Campaign/701PE000007uZTQYA2/view,Event-Hosted | 2024-06-17 | impact.com's Partnerships Experience 2024 (iPX24),6/17/2024,6/18/2024,Impact.com Hosted,Event-Hosted,"$1,200,000",,Affiliate/Partnerships,
NAM,US,Convergence Webinar ,https://impactradius.lightning.force.com/lightning/r/Campaign/701K50000009Sf5IAE/view,Event-Webinar | PC - 20240306 | Convergence Webinar,02/06/2024,3/12/2024,Impact.com Hosted,Event-Hosted,"$5,400",,Influencer,
NAM,US,NYC Vip Happy Hour,https://impactradius.lightning.force.com/lightning/r/Campaign/701PE00000AYMetYAH/view,Event-Hosted | PC - 20240508 | NYC VIP Happy Hour,5/8/2024,5/8/2024,Impact.com Hosted,Event-Hosted,"$23,500","$17,744",,
NAM,US,Masterclassing Creator: Toronto,https://impactradius.lightning.force.com/lightning/r/Campaign/701PE00000C3uMzYAJ/view,Event-Tradeshow | PC - 20240604 | Masterclassing: Creator - Toronto,6/4/2024,6/4/2024,External,Event-Tradeshow,"$6,250","$6,250",Influencer,
NAM,US,The Lead Summit ,https://impactradius.lightning.force.com/lightning/r/Campaign/701PE00000Fm1PiYAJ/view,Event-Tradeshow | PC - 20240708 | The Lead Summit,7/9/2024,7/10/2024,External,Event-Tradeshow,,,,
NAM,US,NYC Summer Happy Hour,https://impactradius.lightning.force.com/lightning/r/Dashboard/01ZK50000004cQfMAI/view,Event-Hosted | PC - 20240508 | NYC VIP Happy Hour,7/29/2024,7/29/2024,Impact.com Hosted,Event-Hosted,"$22,500","$17,744",Affiliate/Partnerships,
NAM,US,Masterclassing Creator: New York,https://impactradius.lightning.force.com/lightning/r/Campaign/701PE00000LVVjVYAX/view,Event - Tradeshow | PC - 20251119 | Masterclassing Creator: New York,11/19/2024,11/19/2024,External,Event-Tradeshow,"$7,000","$7,000",Influencer,
NAM,US,Marketing Dive - The Influencer + Affiliate Form,,Event-Webinar | 20241015 | Marketing Dive - The Influencer + Affiliate Form,,,Impact.com Hosted,Event-Hosted,,,,
NAM,US,Affiliate Summit West 2025,https://impactradius.lightning.force.com/lightning/r/Campaign/701PE00000KsO6iYAF/view,Event-Tradeshow | PC - 20250203 | ASW 2025 (Affiliate Summit West),2/3/2025,2/5/2025,External,Event-Tradeshow,"$35,000","$32,676",Affiliate/Partnerships,
NAM,US,Partnerships IRL: Brooklyn,https://impactradius.lightning.force.com/lightning/r/Campaign/701PE00000HqE0RYAV/view,Event-Hosted | PC - 20241009 | Partnerships IRL: Brooklyn,10/9/2024,10/9/2024,Impact.com Hosted,Event-Hosted,"$38,000","$36,289",Influencer,
NAM,US,Vegas VIP Dinner,https://impactradius.lightning.force.com/lightning/r/Campaign/701PE00000Kaw8UYAR/view,Event-Hosted | PC - 20241028 | Las Vegas VIP Dinner,10/28/2024,10/28/2024,Impact.com Hosted,Event-Hosted,"$22,000","$21,057",Affiliate/Partnerships,
NAM,US,TopGolf Happy Hour 2025,https://impactradius.lightning.force.com/lightning/r/Campaign/701PE00000LfVlJYAV/view,Event-Hosted | PC - 20250204 | TopGolf Happy Hour,2/4/2025,2/5/2025,Impact.com Hosted,Event-Hosted,"$110,000","$103,919",,
NAM,US,The Future of impact.com for Publishers,https://impactradius.lightning.force.com/lightning/r/Campaign/701PE00000MIFC8YAP/view,Event-Hosted | PC - 20250204 | The Future of impact for Publishers,2/4/2025,2/4/2025,Impact.com Hosted,Event-Hosted,N/A,N/A,Publishers,
NAM,US,PI Live USA,https://impactradius.lightning.force.com/lightning/r/Campaign/701PE00000PO6U5YAL/view,Event-Tradeshow | PC - 20250422 | PI Live USA,4/22/2025,4/25/2025,External,Event-Tradeshow,"$21,000","$18,306",Affiliate/Partnerships,
NAM,US,VIP Dinner in Boston,https://impactradius.lightning.force.com/lightning/r/Campaign/701PE00000PVdegYAD/view,Event-Hosted | PC - 20250326 | VIP Dinner in Boston,3/26/2025,3/26/2025,Impact.com Hosted,Event-Hosted,"$22,000","$6,421",,
NAM,US,iPX2025 Austin,https://impactradius.lightning.force.com/lightning/r/Campaign/701PE00000KHf9lYAD/view,Event-Hosted | 2025-06-09 | impact.com's Partnerships Experience 2025 (iPX25),6/9/2025,9/11/2025,Impact.com Hosted,Event-Hosted,"$1,418,000",,,
NAM,US,Partnership Titans,https://impactradius.lightning.force.com/lightning/r/Campaign/701PE00000SOQR4YAP/view,Event-Hosted | PC - 20251007 | Partnership Titans,10/6/2025,10/9/2025,,,$0,$0,,
EMEA,Germany,Digital Bash Affiliate,https://impactradius.lightning.force.com/lightning/r/Campaign/701K500000097DeIAI/view,Event-Webinar | 2023-02-28 | Digital Bash Affiliate,2/28/2023,2/28/2023,External,Event-Webinar,,,,TRUE
EMEA,France,LesBig Boss GMS & GSS,https://impactradius.lightning.force.com/lightning/r/Campaign/701K500000098wCIAQ/view,Event-Tradeshow | PC - 20230308 | LesBigBoss - France,3/8/2023,3/8/2023,External,Event-Tradeshow,$0,$0,,TRUE
EMEA,Italy,Mediakey Awards night,https://impactradius.lightning.force.com/lightning/r/Campaign/701K500000099TIIAY/view,Event-Tradeshow | PC - 20230418 | Mediakey Awards night - Italy,4/17/2023,4/17/2023,External,Event-Tradeshow,"$2,000","$2,000",,TRUE
EMEA,France,"LesBig Boss Mode, Beauté & Luxe",https://impactradius.lightning.force.com/lightning/r/Campaign/701K50000009ADTIA2/view,Event-Tradeshow | PC - 20230308 | LesBigBoss - France,3/21/2023,3/21/2023,External,Event-Tradeshow,"$3,237","$3,237",,TRUE
EMEA,France,LesBig Boss Opus Summer,https://impactradius.lightning.force.com/lightning/r/Campaign/701K50000009FPAIA2/view,Event-Tradeshow | PC - 20230609 | LesBigBoss - France,6/9/2023,6/11/2023,External,Event-Tradeshow,"$25,694","$25,694",,TRUE
EMEA,Italy,Web marketing Festival - We make future,https://impactradius.lightning.force.com/lightning/r/Campaign/701K500000099pkIAA/view,Event-Tradeshow | PC - 20230615 | WMF Rimini - Italy,6/15/2023,6/17/2023,External,Event-Tradeshow,"$12,000","$12,000",,TRUE
EMEA,Italy,Netcomm Forum,https://impactradius.lightning.force.com/lightning/r/Campaign/701K500000098tgIAA/view,Event-Tradeshow | PC - 20230517 | Netcomm Forum - Italy,5/17/2023,5/18/2023,External,Event-Tradeshow,"$25,000","$26,115",,TRUE
EMEA,Germany,Digital Bash Affiliate,https://impactradius.lightning.force.com/lightning/r/Campaign/701K500000097DeIAI/view,Event-Webinar | 2023-02-28 | Digital Bash Affiliate,2/28/2023,2/28/2023,External,Event-Webinar,,,Affiliate/Partnerships,TRUE
EMEA,Germany,OMR23,https://impactradius.lightning.force.com/lightning/r/Campaign/701K500000098SrIAI/view,Event-Tradeshow | 2023-05-09 | impact.com at OMR23,5/9/2023,5/10/2023,External,Event-Tradeshow,,,,TRUE
EMEA,France,Opening Party,https://impactradius.lightning.force.com/lightning/r/Campaign/701K50000009BJCIA2/view,Event-Hosted | 2023-05-25 | arrive en France,5/25/2023,5/25/2023,Impact.com Hosted,Event-Hosted Splash,"$10,000","$10,232",,TRUE
EMEA,Italy,Own The City,https://impactradius.lightning.force.com/lightning/r/Campaign/701K50000009A7CIAU/view,Event-Hosted | 2023-04-17 | Design week exclusive experience & aperitivo,4/17/2023,4/17/2023,Impact.com Hosted,Event-Hosted Splash,"$2,000","$2,000",,TRUE
EMEA,Germany,Exklusives Whisky-Tasting mit impact.com,https://impactradius.lightning.force.com/lightning/r/Campaign/701K500000098hiIAA/view,Event-Hosted | 2023-03-23 | Exklusives Whisky-Tasting mit impact.com,3/23/2023,3/23/2023,Impact.com Hosted,Event-Hosted,,,Affiliate/Partnerships,TRUE
EMEA,UK,Performance Marketing World,https://impactradius.lightning.force.com/lightning/r/Campaign/701K500000096TWIAY/view,Event-Tradeshow | PC - 20230301 | PMW Unlocked - London,3/1/2023,3/2/2023,External,Event-Tradeshow,"$18,000","$19,766",,TRUE
EMEA,UK,Leaders in Mobile Growth Summit,https://impactradius.lightning.force.com/lightning/r/Campaign/701K500000096TgIAI/view,Event-Tradeshow | PC - 20230209 | Leaders in Mobile Growth Summit - London,,7/2/2023,External,Event-Tradeshow,"$3,767","$3,767",,TRUE
EMEA,UK,AffiliateHuddle,https://impactradius.lightning.force.com/lightning/r/Campaign/701K5000000982IIAQ/view,Event-Tradeshow | PC - 20230419 | AffiliateHuddle UK,4/19/2023,4/19/2023,External,Event-Tradeshow,"$32,000","$26,308",Affiliate/Partnerships,TRUE
EMEA,UK,Own The City,https://impactradius.lightning.force.com/lightning/r/Campaign/701K50000009APLIA2/view,Event-Hosted | PC - 20230427 | Own The City - London,4/27/2023,4/27/2023,Impact.com Hosted,Event-Hosted,"$2,000","$1,760",,TRUE
EMEA,UK,Influencer & CP,https://impactradius.lightning.force.com/lightning/r/Campaign/701K50000009APQIA2/view,Event-Hosted | PC - 20230517 | Breakfast Briefing - CP & Influencer,5/27/2023,5/27/2023,Impact.com Hosted,Event-Hosted,,,,TRUE
EMEA,UK,Digital Marketing World Forum,https://impactradius.lightning.force.com/lightning/r/Campaign/701K50000009DAcIAM/view,Event-Tradeshow | PC - 20230621 | Digital Marketing World Forum - London,6/21/2023,6/21/2023,External,Event-Tradeshow,"$22,000","$12,122",,TRUE
EMEA,UK,iPX2023 London,https://impactradius.lightning.force.com/lightning/r/Campaign/701K50000009CoJIAU/view,Event-Hosted | 2023-06-28 | iPX2023 London,6/28/2023,6/28/2023,Impact.com Hosted,Event-Hosted,"$70,000","$86,533",,TRUE
EMEA,UK,Own The City - Manchester,https://impactradius.lightning.force.com/lightning/r/Campaign/701K50000009KcBIAU/view,Event-Hosted | PC - 20230906 | Own The City - Manchester,9/6/2023,9/6/2023,Impact.com Hosted,Event-Hosted,"$2,000","$2,440",,TRUE
EMEA,UK,Cretor Event London,https://impactradius.lightning.force.com/lightning/r/Campaign/701K50000009KHjIAM/view,Event-Hosted | 2023-09-13 | Creators' Connect London,9/13/2023,9/13/2023,Impact.com Hosted,Event-Hosted,"$10,000","$8,389",,TRUE
EMEA,UK,Breakfast Briefing,,,,,#N/A,,,,,FALSE
EMEA,UK,Own The City,,,,,#N/A,,,,,FALSE
EMEA,UK,PI Live,https://impactradius.lightning.force.com/lightning/r/Campaign/701K50000009J1HIAU/view,Event-Tradeshow | PC - 20231024 | PI LIVE Europe,10/24/2023,10/25/2023,External,Event-Tradeshow,"$50,000",,,TRUE
EMEA,UK,IMS,https://impactradius.lightning.force.com/lightning/r/Campaign/701K50000009Id6IAE/view,Event-Tradeshow | PC - 20231026 | IMS London - Influencer Marketing Show,10/26/2023,10/26/2023,External,Event-Tradeshow,"$20,000",,,TRUE
EMEA,UK,VIP Dinner,,,,,#N/A,,,,,FALSE
EMEA,UK,Own The City,,,,,#N/A,,,,,FALSE
EMEA,UK,Breakfast Briefing,,,,,#N/A,,,,,FALSE
EMEA,Germany,Own The City April,https://impactradius.lightning.force.com/lightning/r/Campaign/701K50000009CH8IAM/view,Event-Hosted | PC - 20230427 | Own the City - DACH,27/04/2023,27/04/2023,Impact.com Hosted,Event-Hosted,"$2,000",,,TRUE
EMEA,Germany,Tactixx,https://impactradius.lightning.force.com/lightning/r/Campaign/701K50000009EmyIAE/view,Event-Tradeshow | PC - 20230718 | TactixX 2023 - Germany,18/07/2023,18/07/2023,External,Event-Tradeshow,"$8,000",,,TRUE
EMEA,Germany,Affiliate Breakfast,https://impactradius.lightning.force.com/lightning/r/Campaign/701K50000009HjdIAE/view,Event-Hosted | PC - 20230831 | Affiliate Breakfast - DACH,31/08/2023,31/08/2023,External,Event-Hosted,"$1,000",,,TRUE
EMEA,Germany,DMEXCO,https://impactradius.lightning.force.com/lightning/r/Campaign/701K50000009GWZIA2/view,Event-Tradeshow | PC - 20230920 | DACH DMEXCO,20/09/2023,21/09/2023,External,Event-Tradeshow,TBD,,,TRUE
EMEA,Germany,Affiliate Conference,TBD,,,,#N/A,,,,,FALSE
EMEA,Germany,Christmas Market Fun,TBD,,,,#N/A,,,,,FALSE
EMEA,Italy,Opening Party Milan,https://impactradius.lightning.force.com/lightning/r/Campaign/701K50000009ESbIAM/view,Event-Hosted | 2023-06-07 | Opening party - Milan office,6/7/2023,6/7/2023,Impact.com Hosted,Event-Hosted,"$5,000","$4,950",,TRUE
EMEA,Italy,Own the city Q2,https://impactradius.lightning.force.com/lightning/r/Campaign/701K50000009ESgIAM/view,Event-Hosted | 2023-07-04 | Truffle hunting and exclusive dinner - Italy,7/4/2023,7/4/2023,,Event-Hosted,"$2,000",,,TRUE
EMEA,France,Paris Retail Week,https://impactradius.lightning.force.com/lightning/r/Campaign/701K50000009J12IAE/view,Event-Tradeshow | PC - 20230919 | Paris Retail Week,9/19/2023,9/21/2023,External,Event-Tradeshow,"$15,000","$15,346",,TRUE
EMEA,UK,Performance Marketing World 24,https://impactradius.lightning.force.com/lightning/r/Campaign/701PE000007fgTtYAI/view,Event-Tradeshow | PC - 20240305 | Performance Marketing World UK,3/5/2024,3/6/2024,,Event-Tradeshow,"$22,000","$21,014",Affiliate/Partnerships,TRUE
EMEA,UK,Affiliate Huddle 24,https://impactradius.lightning.force.com/lightning/r/Campaign/701PE000007fSPMYA2/view,Event-Tradeshow | PC - 20240423 | Affiliate Huddle,4/23/2024,4/23/2024,,Event-Tradeshow,"$35,000","$34,073",Affiliate/Partnerships,TRUE
EMEA,UK,iPX2024 London,https://impactradius.lightning.force.com/lightning/r/Campaign/701PE0000096cbkYAA/view,Event-Hosted | 2024-07-03 | iPX24 London,7/3/2024,7/3/2024,,Event-Hosted,"$90,000","$130,218",Affiliate/Partnerships,TRUE
EMEA,UK,Affilifest,https://impactradius.lightning.force.com/lightning/r/Campaign/701PE00000G9NAjYAN/view,Event-Tradeshow | PC - 20240904 | Affilifest - UK,,,,Event-Tradeshow,"$10,000","$8,712",Affiliate/Partnerships,TRUE
EMEA,UK,PI Live Europe 2024,https://impactradius.lightning.force.com/lightning/r/Campaign/701PE00000IcVy7YAF/view,Event-Tradeshow | PC - 20241022 | PI Live Europe - London,,,,Event-Tradeshow,"$60,000","$49,815",Affiliate/Partnerships,TRUE
EMEA,UK,Creatorfest,https://impactradius.lightning.force.com/lightning/r/Campaign/701PE00000IcIw9YAF/view,Event-Tradeshow | PC - 20241024 | CreatorFest - London,,,,Event-Tradeshow,"$42,000","$34,619",Affiliate/Partnerships,TRUE
EMEA,Italy,Netcomm Forum,https://impactradius.lightning.force.com/lightning/r/Campaign/701PE00000BloO7YAJ/view,Event-Tradeshow | PC - 20240508 | Netcomm Forum - Italy,8/5/2024,8/5/2024,External,Event-Tradeshow,,,,TRUE
EMEA,UK,VIP Dinner Jan 25,https://impactradius.lightning.force.com/lightning/r/Campaign/701PE00000LhGlQYAV/view,Event-Hosted | PC - 20250130 | VIP Dinner London,30/01/2025,30/01/2025,Impact.com Hosted,Event-Hosted,"$12,000","$19,334",Affiliate/Partnerships,TRUE
EMEA,UK,Performance Marketing World Unlocked,https://impactradius.lightning.force.com/lightning/r/Campaign/701PE00000NZRsxYAH/view,Event-Tradeshow | PC - 20250304 | Performance Marketing World Unlocked - London,4/1/2025,05/01/2025,External,Event-Tradeshow,"$18,397","$21,284",Affiliate/Partnerships,TRUE
EMEA,UK,Affilifest,https://impactradius.lightning.force.com/lightning/r/Campaign/701PE00000OflelYAB/view,Event-Tradeshow | PC - 20250501 | Affilifest - UK,,,,,,,,TRUE
EMEA,UK,iPX25 London,https://impactradius.lightning.force.com/lightning/r/Campaign/701PE00000NInbJYAT/view,Event-Hosted | PC - 20250625 | iPX25 London,25/06/2025,25/06/2025,Impact.com Hosted,Event-Hosted,TBC,,,TRUE
EMEA,Italy,Netcomm Forum,https://impactradius.lightning.force.com/lightning/r/Campaign/701PE00000BloO7YAJ/view,Event-Tradeshow | PC - 20240508 | Netcomm Forum - Italy,4/15/2025,4/16/2025,,Event-Tradeshow,"$15,000",,Affiliate/Partnerships,FALSE
APAC,SEA,Event-Tradeshow | PC - 20230315 | Indonesia Retail and E-Commerce Summit,Event-Tradeshow | PC - 20230315 | Indonesia Retail and E-Commerce Summit,Indonesia Retail & Ecommerce Summit,3/15/2023,3/15/2023,External,Event-Tradeshow,"$9,500",,,TRUE
APAC,Japan,Event-Tradeshow | PC - 20230323 | Direct Agenda - Japan,Event-Tradeshow | PC - 20230323 | Direct Agenda - Japan,Direct Agenda Conference,3/23/2023,3/23/2023,External,Event-Tradeshow,"$3,000",,,TRUE
APAC,AUS,Event-Tradeshow | PC - 20230214 | eTail Australia,Event-Tradeshow | PC - 20230214 | eTail Australia,eTail Australia + VIP Dinner + Drinks,2/14/2023,2/16/2023,External,Event-Tradeshow,"$41,242",,,TRUE
APAC,AUS,Event-Tradeshow | PC - 20230309 | All Star Bash AU,Event-Tradeshow | PC - 20230309 | All Star Bash AU,All Star Bash,3/9/2023,3/9/2023,External,Event-Tradeshow,"$8,302",,,TRUE
APAC,AUS,Event-Tradeshow | PC - 20230323 | Mumbrella Retail Marketing Summit - AU,Event-Tradeshow | PC - 20230323 | Mumbrella Retail Marketing Summit - AU,Mumbrella Retail Marketing Summit,3/23/2023,3/23/2023,External,Event-Tradeshow,$882,,,TRUE
APAC,AUS,Event-Tradeshow | PC - 20230327 | Retail Fest - AU,Event-Tradeshow | PC - 20230327 | Retail Fest - AU,Retail Fest + Tech Partner Happy Hour,3/27/2023,3/30/2023,External,Event-Tradeshow,"$17,597",,,TRUE
APAC,SEA,Event-Tradeshow | PC - 20230406 | Retail Executive Summit - Singapore,Event-Tradeshow | PC - 20230406 | Retail Executive Summit - Singapore,Retail Executive Summit,4/6/2023,4/6/2023,External,Event-Tradeshow,"$22,200",,,TRUE
APAC,SEA,Event-Hosted | 2023-03-09 | Partnership Mixer - SEA,Event-Hosted | 2023-03-09 | Partnership Mixer - SEA,MY Partnerships Mixer,3/9/2023,3/9/2023,Impact.com Hosted,Event-Hosted Splash,"$1,300",,,TRUE
APAC,SEA,Event-Hosted | 2023-03-16 | Partnerships Mixer - SEA,Event-Hosted | 2023-03-16 | Partnerships Mixer - SEA,ID Partnerships Mixer,3/16/2023,3/16/2023,Impact.com Hosted,Event-Hosted Splash,"$1,100",,,TRUE
APAC,SEA,Event-Hosted | 2023-03-22 | Moments of Impact:VIP Dinner with ShopDisney - SEA,Event-Hosted | 2023-03-22 | Moments of Impact:VIP Dinner with ShopDisney - SEA,VIP Dinner with ShopDisney,3/22/2023,3/22/2023,Impact.com Hosted,Event-Hosted Splash,"$5,200",,,TRUE
APAC,China,Warc Webinar,NA,,,,#N/A,,,,,TRUE
APAC,China,Morketing Summit,Event Trade Show,Event-Tradeshow | PC - 20230503 | iMedia Online Retail Summit AU,21 -23 Mar,,External,Event-Tradeshow,,,,TRUE
APAC,AUS,iMedia Online Retail Summit,Event-Tradeshow | PC - 20230503 | iMedia Online Retail Summit AU,iMedia Online Retail Summit,5/3/2023,5/5/2023,External,Event-Tradeshow,"$24,873",,,TRUE
APAC,SEA,SG Partnerships Mixer,Event-Hosted | 2023-05-17 | impact.com Partnerships Connect Singapore,impact.com Partnerships Connect Singapore,5/17/2023,5/17/2023,Impact.com Hosted,Event-Hosted Splash,"$2,780",,,TRUE
APAC,SEA,ID Exec Leaders Dinner,Event-Hosted | PC - 20230525 | SEA Indo Partnerships Exec Dinner,SEA Indo Partnerships Exec Dinner,5/25/2023,5/25/2023,Impact.com Hosted,Event-Hosted Splash,"$2,000",,,TRUE
APAC,AUS,iPX Sydney,Event-Hosted | 2023-08-31 | impact.com's Partnerships Experience (iPX23 Sydney),iPX2023 Sydney,8/31/2023,8/31/2023,Impact.com Hosted,Event-Hosted Splash,"$60,000",,,TRUE
APAC,AUS,Event-Tradeshow | PC - 20230512 | Afternoon on The Greens,Event-Tradeshow | PC - 20230512 | Afternoon on The Greens,Afternoon on The Greens,5/12/2023,12/5/2023,Impact.com Hosted,Event-Hosted,"$1,020",,,TRUE
APAC,SEA,eTail Asia,Event-Tradeshow | PC - 20230607 | eTail Asia,eTail Asia,6/7/2023,6/8/2023,External,Event-Tradeshow,"$48,000",,,TRUE
APAC,AUS,Event-Tradeshow | PC - 20230518 | NORA Bespoke Lunch Sydney,Event-Tradeshow | PC - 20230518 | NORA Bespoke Lunch Sydney,NORA Bespoke Lunch Sydney,5/18/2023,18/5/2023,External,Event-Tradeshow,"$15,443",,,TRUE
APAC,AUS,Event-Tradeshow | PC - 20230601 | NORA Bespoke Lunch Melbourne,Event-Tradeshow | PC - 20230601 | NORA Bespoke Lunch Melbourne,NORA Bespoke Lunch Melbourne,6/1/2023,1/6/2023,External,Event-Tradeshow,"$10,410",,,TRUE
APAC,SEA,KL Leader Dinner,Event-Hosted | 2023-06-21 | SEA MY Leaders Dinner,SEA MY Leaders Dinner,6/21/2023,6/21/2023,Impact.com Hosted,Event-Hosted,"$2,000",,,TRUE
APAC,Japan,Commerce Summit Japan,Event-tradeshow | APAC Japan Commerce Summit | 23 June 2023,Japan Commerce Summit,6/23/2023,,External,Event-Tradeshow,"$3,800",,,TRUE
APAC,AUS,NORA - Retail Marketing Leaders’ Roundtable & Industry Dinner,Event-Tradeshow | PC - 20230615 | NORA Marketing Leaders Roundtable,NORA - Retail Marketing Leaders’ Roundtable & Industry Dinner,6/15/2023,6/15/2023,External,Event-Tradeshow,"$9,254",,,TRUE
APAC,AUS,AU Fashion Forward,Event-Hosted | PC - 20230629 | Fashion Forward - AU,Fashion Forward Sydney,6/29/2023,6/29/2023,Impact.com Hosted,Event-Hosted,"$3,000",,,TRUE
APAC,AUS,iMedia Pureplay,Event-Tradeshow | PC - 20230705 | iMedia Pureplay,iMedia Pureplay AU,7/3/2023,7/5/2023,External,Event-Tradeshow,"$4,320",,,TRUE
APAC,SEA,SEA NORA Retail Leaders Dinner,Event-Tradeshow | PC - 20230728 | SEA NORA Retail Leaders Dinner,SEA NORA Retail Leaders Dinner,,,Impact.com Hosted,Event-Hosted,"$9,200",,,TRUE
APAC,SEA,ID Appsflyer Netcore Partner Event,Event-Hosted | PC - 20230810 | Partnership Mixer - Jakarta,Partnership Mixer - Jakarta 10 August 2023,8/10/2023,8/10/2023,Impact.com Hosted,Event-Hosted,"$1,200",,,TRUE
APAC,SEA,Asia eCommerce Expo 2022,Event-Tradeshow | PC - 20221012 | eCommerce Expo Asia Singapore,eCommerce Expo Asia Singapore 2022,10/1/2022,,External,Event-Tradeshow,"$21,154",,,TRUE
APAC,AUS,iPX Sydney Afterparty,Event-Hosted | 2023-08-30 | iPX Sydney Afterparty,iPX Sydney Afterparty 2023,31/08/2023,,Impact.com Hosted,Event-Hosted Splash,,,,FALSE
APAC,SEA,iMedia Online Retail Summit SEA,Event-Tradeshow | PC - 20230831 | SEA iMedia - Indonesia,iMedia SEA 2023,8/21/2023,8/23/2023,External,Event-Tradeshow,"$8,000",,,TRUE
APAC,SEA,RESA Jakarta,Event-Tradeshow | PC - 20230906 | SEA ID RESA (Retail & E-Commerce Summit Asia),RESA Jakarta 2023,9/6/2023,9/7/2023,External,Event-Tradeshow,,,,TRUE
APAC,SEA,Impact Insights: SEA Creator Economy 2023- Jakarta,Event-Hosted | PC - 20231005 | Impact Insights SEA Creator Economy (Jakarta),Impact Insights: SEA Creator Economy 2023 Jakarta,10/5/2023,,Impact.com Hosted,Event-Hosted,,,,TRUE
APAC,AUS,iMedia Future of Marketing,Event-Tradeshow | PC - 20230904 | iMedia Future of Marketing Summit - ANZ,Event-Tradeshow | PC - 20230904 | iMedia Future of Marketing Summit - ANZ,,,External,Event-Tradeshow,,,,TRUE
APAC,AUS,MarTech Symposium,Event-Tradeshow | PC - 20230912 | Martech Symposium - ANZ,MarTech Symposium 2023,,,External,Event-Tradeshow,"$19,300",,,TRUE
,,,,,,,#N/A,,,,,FALSE
APAC,AUS,NORA Retail Marketing Leaders' Roundtable,Event-Tradeshow | PC - 20231011 | NORA Retail Marketing Leaders - Melbourne,NORA Retail Marketing Leaders - Melbourne,,,External,Event-Tradeshow,"$11,254","$11,254",,TRUE
APAC,AUS,Women Who Innovate,Event-Tradeshow | PC - 20231019 | Women Who Innovate - ANZ,Women Who Innovate,,,External,Event-Tradeshow,"$9,600","$9,600",,TRUE
APAC,AUS,Oktoberfest,Event-Hosted | 2023-10-05 | Rooftop Partnerships Mixer - OktoberFest,Rooftop Series - Oktoberfest,,,Impact.com Hosted,Event-Hosted,"$3,000","$3,538",,TRUE
APAC,AUS,Xmas in July,Event-Hosted | 2023-07-27 | Sydney Partnerships Mixer - Xmas in July,Rooftop Series - Xmas in July,,,Impact.com Hosted,Event-Hosted,"$3,000","$3,018",,TRUE
APAC,SEA,Bali Buddies,Event-Hosted | PC - 20230929 | Indonesia Bali Buddies Hospitality,Bali Buddies Indonesia 2023,,,External,Event-Tradeshow,,,,TRUE
APAC,SEA,Impact Insights: SEA Creator Economy 2023 Singapore,Event-Hosted | PC - 20231019 | Impact Insights SEA Creator Economy (Singapore),Impact Insights: SEA Creator Economy 2023 Singapore,,,Impact.com Hosted,Event-Hosted,,,,TRUE
APAC,SEA,Impact Insights: SEA Creator Economy 2023 Kuala Lumpur,Event-Hosted | PC - 20231026 | Impact Insights SEA Creator Economy Kuala Lumpur,Impact Insights: SEA Creator Economy 2023 Kuala Lumpur,,,Impact.com Hosted,Event-Hosted,,,,TRUE
APAC,SEA,Singapore Asia eCommerce Expo 2023,Event-Tradeshow | PC - 20231011 | Singapore eCommerce Expo Asia,Singapore Asia eCommerce Expo 2023,,,External,Event-Tradeshow,,,,TRUE
APAC,SEA,Martech Summit Jakarta 2023,Event-Tradeshow | PC - 20230622 | SEA ID Martech Summit Jakarta,MarTech Summit Jakarta 2023,,,External,Event-Tradeshow,,,,TRUE
APAC,SEA,SEA ID Retail & eCommerce Summit Feb 2024,Event-Tradeshow | PC - 20240229 | SEA ID Retail & eCommerce Summit,SEA ID Retail & eCommerce Summit Feb 2024,,,External,Event-Tradeshow,$0,$0,,TRUE
APAC,SEA,Aviation Festival Asia 2024,Event-Tradeshow | PC - 20240228 | SEA Aviation Fest Asia,SEA Aviation Festival Asia 2024,,,External,Event-Tradeshow,"$13,000","$13,000",,TRUE
APAC,SEA,SEA Influencer Marketing Travel Webinar 2024: Riding the wave,Event-Webinar | PC - 20240424 | SEA Influencer Marketing Travel,SEA Influencer Marketing Travel Webinar 2024,,,External,Event-Webinar,$0,$0,,TRUE
APAC,SEA,SEA Dotdigital Mar 2024,Event-Tradeshow | 20240319 | SEA Dotdigital,SEA Dotdigital Mar 2024,,,External,Event-Tradeshow,$0,$0,,TRUE
APAC,AUS,etail Australia 2024,Event-Tradeshow | PC - 20240214 | eTail Australia,eTail Australia 2024,,,External,Event-Tradeshow,"$30,200",,,TRUE
APAC,AUS,All Star Bash 2024,Event-Tradeshow | PC - 20240307 | All Star Bash AU,All Star Bash 2024,,,External,Event-Tradeshow,"$8,200",,,TRUE
APAC,AUS,Add To Cart Social - Brisbane 2024,Event-Tradeshow | PC - 20231205 | Add To Cart Connect - Brisbane,Add To Cart Social - Brisbane 2024,,,External,Event-Tradeshow,N/A,,,TRUE
APAC,AUS,iMedia Online Retail Summit,Event-Tradeshow | PC - 20240429 | iMedia Online Retail Summit,iMedia Online Retail Summit 2024,,,External,Event-Tradeshow,"$23,245","$23,245",,TRUE
APAC,SEA,SEA Cube Asia Mar 2024,Event-Tradeshow | PC - 20240321 | SEA SG Cube Asia,SEA Cube Asia Mar 2024,,,Impact.com Hosted,Event-Hosted,$990,$990,,TRUE
APAC,SEA,eTail Asia 2024,Event-Tradeshow | PC - 20240517 | SEA eTail Asia,eTail Asia 2024,,,External,Event-Tradeshow,"$43,000","$44,000",,TRUE
APAC,SEA,SEA Insider Impact Mixer 2024,Event-Hosted | PC - 20240515 | SEA Insider Impact Mixer,Connect & Cheers with Insider and impact.com,,,Impact.com Hosted,Event-Hosted,"$1,500",$720,,TRUE
APAC,AUS,iPX24 Sydney,Event-Hosted | 2024-09-05 | iPX24 Sydney,iPX24 Sydney,,,Impact.com Hosted,Event-Hosted,"$130,000",,,TRUE
APAC,SEA,SEA Assembly Global Mixer 2024,Event-Hosted | PC - 20240605 | Assembly Global Impact Mixer Singapore,PartnerSips with Assembly Global and impact.com,,,Impact.com Hosted,Event-Hosted,"$1,500","$1,100",,TRUE
APAC,SEA,SEA Beauty and Fashion Webinar 2024,Event-Webinar | PC - 20240611 | Aff & Infl Mkting for Beauty & Fashion - SEA,SEA Beauty & Fashion Webinar 2024,,,External,Event-Webinar,$0,$0,,TRUE
APAC,SEA,"PartnerLink with impact.com, Dotdigital and SHOPLINE",Event-Hosted | PC - 20240725 | SEA PartnerLink with impact Dotdigital SHOPLINE,2024 SEA PartnerLink with impact Dotdigital SHOPLINE,,,Impact.com Hosted,Event-Hosted,"$1,500",$860,,TRUE
APAC,AUS,ANZ webinar,Event-Webinar | PC - 20240625 | Full Funnel Advantage of Aff & Infl Mkting- ANZ,Full Funnel Advantage of Aff & Infl Mkting- ANZ,,,External,Event-Webinar,,,,TRUE
APAC,AUS,online retailer,Event-Tradeshow | PC - 20240724 | Online Retailer - ANZ,Online Retailer 2024,,,External,Event-Tradeshow,"$14,355","$14,355",,TRUE
APAC,AUS,Martech Symposium 2024,Event-Tradeshow | PC - 20240909 | Martech Symposium - ANZ,Martech Symposium 2024,,,External,Event-Tradeshow,"$19,000","$19,000",,TRUE
APAC,SEA,Impact Insights SEA Creator Economy 2024,Event-Hosted | PC - 20240919 | impact Insights SEA Creator Economy (Singapore),Impact Insights SEA Creator Economy 2024,,,Impact.com Hosted,Event-Hosted,"$8,000","$8,835",,TRUE
APAC,AUS,iPX24 Sydney VIP dinner,Event-Hosted | 2024-09-04 | iPX24 Sydney VIP Dinner,iPX24 Sydney VIP Dinner,,,Impact.com Hosted,Event-Hosted,"$4,000","$4,000",,TRUE
APAC,AUS,etail connect  melbourne,Event-Tradeshow | PC - 20240924 | eTail Connect - Melbourne,eTail Connect Melbourne 2024,,,Impact.com Hosted,Event-Hosted,"20,200","$20,200",,FALSE
APAC,AUS,ANZ Partnerships Leaders Dinner Melbourne - May,Event-Hosted | PC - 20240522 | Actions Partnership Leaders Dinner - Melbourne,ANZ Partnerships Leaders Dinner Melbourne - May,,,Impact.com Hosted,Event-Hosted,"$1,500","$1,500",,TRUE
APAC,AUS,ANZ Partnerships Leaders Dinner Melbourne - September,Event-Hosted | PC - 20240925 | Actions Partnership Leaders Dinner - Melbourne,Partnerships Leaders Dinner Melbourne Sep 2024,,,Impact.com Hosted,Event-Hosted,"$1,429","$1,429",,TRUE
APAC,SEA,Impact Insights SEA Creator Economy 2024 - Malaysia Webinar,Event-Webinar | PC - 20241003 | Impact Insights: SEA Creator Economy - Malaysia,2024 Impact Insights: SEA Creator Economy - Malaysia,,,External,Event-Webinar,$0,$0,,TRUE
APAC,SEA,Impact Insights SEA Creator Economy 2024 - Indonesia Webinar,Event-Webinar | PC - 20241001 | Impact Insights: SEA Creator Economy - Indonesia,2024 Impact Insights: SEA Creator Economy - Indonesia,,,External,Event-Webinar,$0,$0,,TRUE
APAC,Japan,JP VIP dinner,Event-Hosted | PC - 20241001 | APAC Japan VIP Dinner,Event-Hosted | PC - 20241001 | APAC Japan VIP Dinner,,,Impact.com Hosted,Event-Hosted,"$3,000","$3,000",,TRUE
APAC,SEA,eCommerce Expo VIP Lunch,Event-Hosted | PC - 20241009 | eCommerce EXPO VIP Luncheon Singapore,Event-Hosted | PC - 20241009 | eCommerce EXPO VIP Luncheon Singapore,,,External,Event-Tradeshow,"$18,000","$18,350",,TRUE
APAC,SEA,MMA Smarties Award Event,Event-Tradeshow | PC - 20241115 | MMA Smarties Indonesia,Event-Tradeshow | PC - 20241115 | MMA Smarties Indonesia,,,External,Event-Tradeshow,$0,$0,,TRUE
APAC,AUS,DotDigital Dotties Awards,Event-Tradeshow | PC - 20241212 | APAC AU DotDigital Dotties Awards,Event-Tradeshow | PC - 20241212 | APAC AU DotDigital Dotties Awards,,,External,Event-Tradeshow,$0,$0,,TRUE
,,,Event-Hosted | PC - 20241204 | Xmas Rooftop Mixer - Sydney,,,,Impact.com Hosted,Event-Hosted,,,,FALSE
APAC,AUS,eTail Australia,Event-Tradeshow | PC - 20250225 | eTail Australia,,,,External,Event-Tradeshow,"$26,000","$26,000",,TRUE
APAC,SEA,SG 13 Mar Exec Dinner,Event-Hosted | PC - 20250313 | Exec Dinner - Singapore,Event-Hosted | PC - 20250313 | Exec Dinner - Singapore,,,Impact.com Hosted,Event-Hosted,"$2,000",,,TRUE
APAC,AUS,iPX25 Sydney,Event-Hosted | PC - 20250911 | iPX25 Sydney,Event-Hosted | PC - 20250911 | iPX25 Sydney,,,Impact.com Hosted,Event-Hosted,"$150,000",,,TRUE
APAC,SEA,SEA Travel Marketing Insights,Event-Hosted | PC - 20250423 | SEA Travel Marketing Insights,Event-Hosted | PC - 20250423 | SEA Travel Marketing Insights,,,Impact.com Hosted,Event-Hosted,"$5,000",,,TRUE
APAC,SEA,MMA ID Meet 12 March,Event-Tradeshow | PC - 20250312 | Indonesia MMA Meet,Event-Tradeshow | PC - 20250312 | Indonesia MMA Meet,,,External,Event-Tradeshow,$0,$0,,TRUE
APAC,SEA,SEA Travel Marketing Insights - Webinar,"

Event-Webinar | PC - 20250513 | SEA APAC Travel Insights 2025
","

Event-Webinar | PC - 20250513 | SEA APAC Travel Insights 2025",,,External,Event-Webinar,$0,,,TRUE
APAC,AUS,Insider Run Club - Sydney 2025,Event-Tradeshow | PC - 20250221 | Insider Run Club - AU,Event-Tradeshow | PC - 20250221 | Insider Run Club - AU,,,External,Event-Tradeshow,$933,$933,,TRUE
APAC,AUS,All Star Bash 2025,Event-Tradeshow | PC - 20250306 | All Star Bash AU.,Event-Tradeshow | PC - 20250306 | All Star Bash AU.,,,External,Event-Tradeshow,"$8,000","$8,000",,TRUE
APAC,AUS,Evocative Growth Summit - Brisbane 2025,Event-Tradeshow | PC - 20250402 | Evocative Growth Summit - Brisbane,Event-Tradeshow | PC - 20250402 | Evocative Growth Summit - Brisbane,,,External,Event-Tradeshow,"$2,247","$2,247",,TRUE
APAC,AUS,iMedia Online Retail Summit 2025,Event-Tradeshow | PC - 20250430 | iMedia Online Retail Summit - Australia.,Event-Tradeshow | PC - 20250430 | iMedia Online Retail Summit - Australia.,,,External,Event-Tradeshow,"$27,000","$27,000",,TRUE
APAC,SEA,eTail Asia 2025,Event-Tradeshow | PC - 20250514 | SEA eTail Asia,Event-Tradeshow | PC - 20250514 | SEA eTail Asia,,,External,Event-Tradeshow,"$4,904","$4,904",,TRUE
APAC,SEA,Creator Insights 2025,Event-Hosted | PC - 20250717 | SEA Creator Insights,Event-Hosted | PC - 20250717 | SEA Creator Insights,,,Impact.com Hosted,Event-Hosted,,,,FALSE
APAC,SEA,Digital Travel APAC 2025,,,,,#N/A,,,,,FALSE